Ini lat (deg),ini lon (deg),ini alt (m),ini vx_body (m/s),ini vy_body (m/s),ini vz_body (m/s),ini yaw (deg),ini pitch (deg),ini roll (deg)
55.7558,37.6173,157,0,0,0,0,0,0
command type,yaw (deg),pitch (deg),roll (deg),vx_body (m/s),vy_body (m/s),vz_body (m/s),command duration (s),GPS visibility
1,0,112,-161,0,0,0,0.8328789385,0
1,0,-143,105,0,0,0,0.9066467241,0
1,0,75,35,0,0,0,0.3579732554,0
1,0,-54,-34,0,0,0,0.1759917993,0
1,0,-88,-124,0,0,0,0.1289399309,0
1,0,35,141,0,0,0,0.5660861928,0
1,0,133,171,0,0,0,2.036408794,0
1,0,101,-133,0,0,0,1.942509055,0
1,0,125,-20,0,0,0,0.4262248991,0
1,0,-145,171,0,0,0,0.5879138505,0
1,0,-48,123,0,0,0,0.8958642014,0
1,0,73,-72,0,0,0,0.4558076092,0
1,0,144,73,0,0,0,1.999124321,0
1,0,165,-51,0,0,0,2.779086226,0
1,0,-50,39,0,0,0,0.9925072338,0
1,0,-60,-96,0,0,0,0.06355424137,0
1,0,-1,167,0,0,0,0.7454345782,0
1,0,-60,169,0,0,0,0.7306434088,0
1,0,-22,-133,0,0,0,0.2193200509,0
1,0,71,-170,0,0,0,0.5990011854,0
1,0,-160,52,0,0,0,1.227936423,0
1,0,30,141,0,0,0,1.120680251,0
1,0,144,105,0,0,0,1.403286394,0
1,0,16,164,0,0,0,0.1473504929,0
1,0,-64,-5,0,0,0,0.1645677275,0
1,0,-155,10,0,0,0,0.7269115873,0
1,0,-176,-65,0,0,0,0.8796414308,0
1,0,-115,0,0,0,0,0.775623379,0
1,0,-136,66,0,0,0,0.4715938748,0
1,0,-30,157,0,0,0,1.817089361,0
1,0,164,-22,0,0,0,0.5443405053,0
1,0,58,177,0,0,0,1.688093972,0
1,0,168,176,0,0,0,0.2332508011,0
1,0,133,20,0,0,0,0.7060144291,0
1,0,82,-38,0,0,0,0.6928338604,0
1,0,126,155,0,0,0,0.4348311602,0
1,0,71,16,0,0,0,0.7455017261,0
1,0,-142,174,0,0,0,2.512444372,0
1,0,-101,107,0,0,0,0.5709663522,0
1,0,-162,-104,0,0,0,0.8058972374,0
1,0,147,161,0,0,0,1.960714791,0
1,0,149,107,0,0,0,1.005573933,0
1,0,-154,-7,0,0,0,0.5517721437,0
1,0,-85,-44,0,0,0,1.721080953,0
1,0,98,-63,0,0,0,0.555986351,0
1,0,127,115,0,0,0,0.6122557906,0
1,0,20,73,0,0,0,0.732595225,0
1,0,35,113,0,0,0,0.7305114906,0
1,0,-98,-80,0,0,0,0.4595476672,0
1,0,97,-97,0,0,0,1.546059677,0
1,0,-165,51,0,0,0,0.4766458477,0
1,0,-144,98,0,0,0,0.03909399465,0
1,0,-77,-142,0,0,0,0.6987239755,0
1,0,119,-82,0,0,0,0.9342830221,0
1,0,-166,-152,0,0,0,0.09971476839,0
1,0,-146,18,0,0,0,0.9709643699,0
1,0,-80,-134,0,0,0,0.2153459454,0
1,0,83,-174,0,0,0,0.7437441563,0
1,0,141,-141,0,0,0,0.4036862015,0
1,0,177,161,0,0,0,2.188195657,0
1,0,-6,115,0,0,0,0.5623716831,0
1,0,-145,139,0,0,0,0.8682666422,0
1,0,-24,146,0,0,0,1.776823503,0
1,0,110,-44,0,0,0,0.131135475,0
1,0,-10,-139,0,0,0,0.1295701023,0
1,0,-100,-144,0,0,0,0.224725669,0
1,0,168,143,0,0,0,0.4243481616,0
1,0,130,89,0,0,0,2.535232345,0
1,0,163,23,0,0,0,2.440787831,0
1,0,162,-73,0,0,0,0.03224367508,0
1,0,72,-101,0,0,0,0.5338203327,0
1,0,15,-165,0,0,0,2.551973391,0
1,0,24,123,0,0,0,2.338159501,0
1,0,-175,129,0,0,0,0.9817057418,0
1,0,141,137,0,0,0,0.9794586198,0
1,0,72,-64,0,0,0,0.08291062348,0
1,0,-50,127,0,0,0,0.4266647712,0
1,0,-118,-71,0,0,0,0.5408445144,0
1,0,-21,149,0,0,0,0.3874336811,0
1,0,160,-34,0,0,0,1.329038788,0
1,0,-117,100,0,0,0,0.9436548868,0
1,0,-135,-46,0,0,0,2.552631604,0
1,0,13,99,0,0,0,0.5358812866,0
1,0,-158,-179,0,0,0,1.638943238,0
1,0,-107,-22,0,0,0,0.325355211,0
1,0,73,118,0,0,0,0.2106779653,0
1,0,-46,-82,0,0,0,0.2712699767,0
1,0,124,34,0,0,0,0.1343245893,0
1,0,-39,111,0,0,0,1.644631783,0
1,0,72,-92,0,0,0,0.2840382948,0
1,0,22,48,0,0,0,0.1039207312,0
1,0,117,6,0,0,0,1.117091573,0
1,0,-145,96,0,0,0,1.211859116,0
1,0,17,-69,0,0,0,2.79087588,0
1,0,-127,65,0,0,0,1.440432907,0
1,0,126,-105,0,0,0,0.8509593813,0
1,0,75,-147,0,0,0,0.4259775442,0
1,0,-92,178,0,0,0,1.096329109,0
1,0,-11,103,0,0,0,0.762065577,0
1,0,158,-45,0,0,0,1.287989348,0
1,0,-21,-125,0,0,0,2.808834145,0
1,0,-162,-92,0,0,0,0.6985467608,0
1,0,-91,114,0,0,0,1.075250903,0
1,0,16,-95,0,0,0,2.490341205,0
1,0,64,174,0,0,0,1.603304281,0
1,0,-175,-20,0,0,0,0.4117949385,0
1,0,-4,-59,0,0,0,0.7067112235,0
1,0,-86,73,0,0,0,0.7062364675,0
1,0,-5,-89,0,0,0,1.199056668,0
1,0,123,122,0,0,0,1.870280086,0
1,0,62,-73,0,0,0,0.7120966834,0
1,0,172,-48,0,0,0,0.7741528847,0
1,0,168,-120,0,0,0,0.9089070382,0
1,0,-32,88,0,0,0,0.4201770903,0
1,0,61,50,0,0,0,1.588362493,0
1,0,54,126,0,0,0,1.109071027,0
1,0,-141,-22,0,0,0,1.202809405,0
1,0,-171,-165,0,0,0,1.746302864,0
1,0,58,52,0,0,0,0.90107328,0
1,0,-84,119,0,0,0,1.904309956,0
1,0,83,-69,0,0,0,0.9941551164,0
1,0,61,107,0,0,0,1.359018412,0
1,0,-175,-55,0,0,0,0.3052222365,0
1,0,144,8,0,0,0,0.7782791107,0
1,0,125,-145,0,0,0,1.876117782,0
1,0,-10,-13,0,0,0,2.228425778,0
1,0,83,156,0,0,0,1.514218204,0
1,0,24,-163,0,0,0,2.929259835,0
1,0,9,104,0,0,0,2.251191905,0
1,0,-82,-74,0,0,0,1.625721046,0
1,0,36,-172,0,0,0,0.8265784143,0
1,0,-79,-63,0,0,0,2.603056806,0
1,0,178,-165,0,0,0,0.7342059524,0
1,0,-83,128,0,0,0,1.495985208,0
1,0,61,29,0,0,0,0.1039225443,0
1,0,66,45,0,0,0,1.921603465,0
1,0,-147,-39,0,0,0,2.325844388,0
1,0,106,68,0,0,0,0.1196942974,0
1,0,152,-54,0,0,0,0.8625962842,0
1,0,73,149,0,0,0,0.9935247497,0
1,0,114,-7,0,0,0,2.205529185,0
1,0,69,-110,0,0,0,0.2790280308,0
1,0,-44,-138,0,0,0,0.4992586808,0
1,0,-159,-3,0,0,0,0.6315553805,0
1,0,113,178,0,0,0,0.9184904933,0
1,0,-142,72,0,0,0,0.9257867505,0
1,0,170,-37,0,0,0,0.500272902,0
1,0,76,-128,0,0,0,1.391918383,0
1,0,-121,-89,0,0,0,1.338546597,0
1,0,-96,39,0,0,0,1.5248587,0
1,0,36,134,0,0,0,0.1972661683,0
1,0,179,-84,0,0,0,2.332582526,0
1,0,54,36,0,0,0,0.2602189391,0
1,0,-99,-94,0,0,0,0.06482514597,0
1,0,92,32,0,0,0,0.009569745806,0
1,0,167,165,0,0,0,1.474807207,0
1,0,-157,-63,0,0,0,0.7706011907,0
1,0,29,29,0,0,0,0.2518388286,0
1,0,175,149,0,0,0,0.8454754057,0
1,0,-94,-141,0,0,0,1.521080539,0
1,0,110,-63,0,0,0,0.04606337243,0
1,0,-122,134,0,0,0,2.357360348,0
1,0,-82,-97,0,0,0,1.855825871,0
1,0,115,131,0,0,0,0.7410686251,0
1,0,-158,71,0,0,0,0.3656444137,0
1,0,22,-94,0,0,0,0.9857964374,0
1,0,-164,81,0,0,0,1.870517885,0
1,0,-43,54,0,0,0,0.5061313732,0
1,0,11,-143,0,0,0,1.100577644,0
1,0,24,-123,0,0,0,1.758298645,0
1,0,-113,106,0,0,0,1.872831343,0
1,0,-129,-96,0,0,0,0.5363032583,0
1,0,-40,-106,0,0,0,2.469380192,0
1,0,-19,59,0,0,0,0.1212908682,0
1,0,141,-30,0,0,0,0.1811750833,0
1,0,46,90,0,0,0,0.9834539402,0
1,0,80,-81,0,0,0,0.4410552089,0
1,0,-155,0,0,0,0,0.9411669226,0
1,0,49,-81,0,0,0,1.171200502,0
1,0,30,117,0,0,0,1.587018679,0
1,0,-96,166,0,0,0,0.734304313,0
1,0,-127,-4,0,0,0,0.4292752092,0
1,0,121,-21,0,0,0,1.321662314,0
1,0,159,-108,0,0,0,2.278119547,0
1,0,-86,-66,0,0,0,1.006907536,0
1,0,19,-52,0,0,0,0.2723472208,0
1,0,177,-45,0,0,0,1.174218214,0
1,0,113,-107,0,0,0,1.310865179,0
1,0,71,-76,0,0,0,0.7608817193,0
1,0,-120,-88,0,0,0,0.4488631098,0
1,0,-81,-123,0,0,0,1.242731352,0
1,0,34,36,0,0,0,0.9529869081,0
1,0,-82,-50,0,0,0,0.870139178,0
1,0,107,156,0,0,0,1.16484867,0
1,0,1,-76,0,0,0,1.210427641,0
1,0,11,177,0,0,0,1.41018941,0
1,0,-109,0,0,0,0,2.429892451,0
1,0,-45,-76,0,0,0,1.830175252,0
1,0,-29,65,0,0,0,0.07836750302,0
1,0,44,-171,0,0,0,0.4059229344,0
1,0,71,-79,0,0,0,1.509651396,0
1,0,-102,80,0,0,0,0.64779455,0
1,0,-155,-58,0,0,0,2.647810284,0
1,0,-94,-136,0,0,0,0.3294934937,0
1,0,-36,122,0,0,0,2.514196862,0
1,0,160,-161,0,0,0,0.8085962967,0
1,0,87,125,0,0,0,2.992606048,0
1,0,84,-95,0,0,0,1.318287444,0
1,0,145,-22,0,0,0,0.9753251106,0
1,0,53,-1,0,0,0,1.943428923,0
1,0,61,101,0,0,0,0.09736668919,0
1,0,-163,13,0,0,0,0.6486441776,0
1,0,171,-46,0,0,0,1.761181058,0
1,0,-173,-95,0,0,0,2.847953866,0
1,0,-83,-70,0,0,0,0.8063224942,0
1,0,53,-3,0,0,0,1.018199792,0
1,0,-105,-10,0,0,0,0.9871734899,0
1,0,-49,46,0,0,0,1.764866912,0
1,0,-145,-16,0,0,0,1.19276421,0
1,0,-159,163,0,0,0,0.759199212,0
1,0,71,100,0,0,0,2.551503738,0
1,0,174,-152,0,0,0,2.844677128,0
1,0,-144,168,0,0,0,1.040731332,0
1,0,165,-69,0,0,0,0.4258863449,0
1,0,19,47,0,0,0,0.8098344119,0
1,0,120,114,0,0,0,0.7106492158,0
1,0,-134,-106,0,0,0,0.8430920858,0
1,0,-160,77,0,0,0,1.413492366,0
1,0,90,-101,0,0,0,1.047783697,0
1,0,-59,46,0,0,0,1.393005535,0
1,0,70,-44,0,0,0,1.201932092,0
1,0,152,53,0,0,0,1.753816817,0
1,0,58,14,0,0,0,1.354292651,0
1,0,124,53,0,0,0,0.02891817268,0
1,0,-104,-129,0,0,0,0.8617392634,0
1,0,27,109,0,0,0,2.987023954,0
1,0,-97,99,0,0,0,0.7921955631,0
1,0,40,166,0,0,0,0.2003141767,0
1,0,135,96,0,0,0,1.955139158,0
1,0,124,-41,0,0,0,0.4336383485,0
1,0,-12,-10,0,0,0,0.1350792897,0
1,0,-158,13,0,0,0,0.9505412529,0
1,0,-84,-109,0,0,0,0.4707129707,0
1,0,19,2,0,0,0,2.387792042,0
1,0,-115,-138,0,0,0,1.203260334,0
1,0,114,32,0,0,0,0.3963891498,0
1,0,41,91,0,0,0,0.5925298595,0
1,0,152,-146,0,0,0,0.9952675813,0
1,0,51,-19,0,0,0,1.474408423,0
1,0,-141,165,0,0,0,0.5520660368,0
1,0,-69,42,0,0,0,0.4640136315,0
1,0,-123,-39,0,0,0,0.5809034132,0
1,0,67,-30,0,0,0,1.98826191,0
1,0,-69,12,0,0,0,0.4301538828,0
1,0,172,-151,0,0,0,1.656838121,0
1,0,74,-22,0,0,0,0.7949407477,0
1,0,-8,80,0,0,0,0.9787022026,0
1,0,77,-163,0,0,0,0.4539649913,0
1,0,131,-95,0,0,0,0.8265766752,0
1,0,2,6,0,0,0,0.9390814914,0
1,0,127,62,0,0,0,0.293280331,0
1,0,-133,109,0,0,0,2.667089993,0
1,0,115,97,0,0,0,0.6572104835,0
1,0,30,82,0,0,0,1.752941451,0
1,0,-11,25,0,0,0,1.586560595,0
1,0,35,170,0,0,0,0.291316769,0
1,0,-27,93,0,0,0,0.02433436688,0
1,0,-76,-167,0,0,0,0.5456098752,0
1,0,79,145,0,0,0,0.4109964187,0
1,0,-116,-78,0,0,0,1.026106311,0
1,0,-130,19,0,0,0,0.967015817,0
1,0,147,-17,0,0,0,0.3718348954,0
1,0,-52,-60,0,0,0,1.948026923,0
1,0,-166,51,0,0,0,1.040837246,0
1,0,-15,-57,0,0,0,0.2849268523,0
1,0,50,61,0,0,0,0.3483908626,0
1,0,-46,161,0,0,0,1.745610891,0
1,0,89,-81,0,0,0,2.537663159,0
1,0,-123,29,0,0,0,0.2763417147,0
1,0,64,124,0,0,0,0.1589056993,0
1,0,-9,-111,0,0,0,0.396268445,0
1,0,-38,58,0,0,0,1.618730438,0
1,0,62,-98,0,0,0,0.9254206844,0
1,0,63,53,0,0,0,0.8307812848,0
1,0,127,107,0,0,0,2.229652526,0
1,0,-63,-137,0,0,0,0.3631616513,0
1,0,7,61,0,0,0,1.640519921,0
1,0,153,78,0,0,0,0.843245144,0
1,0,54,-135,0,0,0,0.875437531,0
1,0,153,45,0,0,0,0.8928402357,0
1,0,10,-93,0,0,0,0.3529002766,0
1,0,17,-133,0,0,0,0.8727185461,0
1,0,44,65,0,0,0,0.9117575232,0
1,0,70,87,0,0,0,0.5559669204,0
1,0,-108,31,0,0,0,0.8979147191,0
1,0,-119,-104,0,0,0,0.4649469237,0
1,0,-170,167,0,0,0,1.360874225,0
1,0,82,-146,0,0,0,2.972382748,0
1,0,-78,-63,0,0,0,2.736029335,0
1,0,180,-98,0,0,0,0.02893465358,0
1,0,69,-53,0,0,0,2.251359392,0
1,0,61,174,0,0,0,1.430731957,0
1,0,-173,-106,0,0,0,1.085870674,0
1,0,49,-103,0,0,0,0.02236182342,0
1,0,14,40,0,0,0,0.1144428382,0
1,0,70,150,0,0,0,0.8798864211,0
1,0,178,10,0,0,0,1.826134071,0
1,0,68,-164,0,0,0,0.373303746,0
1,0,48,-70,0,0,0,0.5824540698,0
1,0,-159,-146,0,0,0,1.923894645,0
1,0,122,-10,0,0,0,1.490192447,0
1,0,-156,-13,0,0,0,0.97549934,0
1,0,137,82,0,0,0,2.668692096,0
1,0,73,68,0,0,0,2.672122328,0
1,0,-94,-160,0,0,0,2.079365724,0
1,0,108,-16,0,0,0,0.3386133031,0
1,0,-143,126,0,0,0,0.4385055126,0
1,0,71,95,0,0,0,0.02799228045,0
1,0,116,5,0,0,0,2.04333196,0
1,0,-55,76,0,0,0,1.272071773,0
1,0,-91,3,0,0,0,0.2179727216,0
1,0,-5,21,0,0,0,0.992350598,0
1,0,28,-71,0,0,0,0.4442985687,0
1,0,89,5,0,0,0,0.9839303314,0
1,0,48,-83,0,0,0,2.376535863,0
1,0,37,-17,0,0,0,0.9463165608,0
1,0,-46,-45,0,0,0,0.1680662172,0
1,0,-87,-24,0,0,0,0.1525874262,0
1,0,-103,-59,0,0,0,0.4161016882,0
1,0,151,52,0,0,0,2.500086069,0
1,0,161,177,0,0,0,0.7376360647,0
1,0,153,70,0,0,0,0.2339037512,0
1,0,87,6,0,0,0,0.8923280364,0
1,0,40,-148,0,0,0,0.4917228746,0
1,0,41,-120,0,0,0,1.234192252,0
1,0,-155,158,0,0,0,0.2463059364,0
1,0,-27,-23,0,0,0,1.230480744,0
1,0,55,83,0,0,0,0.3959335762,0
1,0,-9,115,0,0,0,0.9227058995,0
1,0,125,-54,0,0,0,1.577719908,0
1,0,74,-125,0,0,0,2.350113736,0
1,0,-152,-88,0,0,0,1.735005837,0
1,0,7,54,0,0,0,0.6900968796,0
1,0,122,131,0,0,0,0.7628026816,0
1,0,-168,124,0,0,0,0.1247127259,0
1,0,-68,-139,0,0,0,2.282404802,0
1,0,11,-72,0,0,0,0.1069578346,0
1,0,-133,-141,0,0,0,1.566482786,0
1,0,-7,-7,0,0,0,0.3590330591,0
1,0,-24,-27,0,0,0,2.418527678,0
1,0,-164,-4,0,0,0,0.09062315546,0
1,0,9,-20,0,0,0,0.6168808716,0
1,0,-147,-86,0,0,0,1.452429819,0
1,0,81,64,0,0,0,0.5423056032,0
1,0,132,34,0,0,0,0.2240453339,0
1,0,-129,-141,0,0,0,0.4002136429,0
1,0,47,-146,0,0,0,0.6676739375,0
1,0,86,174,0,0,0,0.6920164945,0
1,0,149,93,0,0,0,1.099791789,0
1,0,-30,-176,0,0,0,0.2198507058,0
1,0,-87,56,0,0,0,0.7257231884,0
1,0,126,25,0,0,0,1.662978054,0
1,0,-103,30,0,0,0,0.2098720014,0
1,0,-77,-92,0,0,0,0.9611720708,0
1,0,-87,-77,0,0,0,1.161799355,0
1,0,5,175,0,0,0,2.34994423,0
1,0,132,-31,0,0,0,0.693011966,0
1,0,-42,36,0,0,0,1.104885216,0
1,0,25,54,0,0,0,0.3033725999,0
1,0,-25,-134,0,0,0,0.6089402772,0
1,0,92,7,0,0,0,1.183164247,0
1,0,-89,135,0,0,0,0.4636906586,0
1,0,-62,-173,0,0,0,0.976356566,0
1,0,-7,156,0,0,0,0.9016220898,0
1,0,14,97,0,0,0,1.400827288,0
1,0,159,58,0,0,0,1.660369848,0
1,0,-134,-150,0,0,0,1.06465839,0
1,0,0,132,0,0,0,0.5378783216,0
1,0,-97,145,0,0,0,1.183093686,0
1,0,67,51,0,0,0,0.03728370996,0
1,0,107,-18,0,0,0,1.135144938,0
1,0,172,-175,0,0,0,0.770125549,0
1,0,-76,-90,0,0,0,0.4035968266,0
1,0,-88,-101,0,0,0,1.768098326,0
1,0,164,-81,0,0,0,0.9447456267,0
1,0,-86,58,0,0,0,0.5127926719,0
1,0,54,-8,0,0,0,0.2864755843,0
1,0,-149,-60,0,0,0,1.61050467,0
1,0,-2,-125,0,0,0,0.4509998204,0
1,0,-106,34,0,0,0,0.4682951333,0
1,0,44,166,0,0,0,0.7682624365,0
1,0,-16,-179,0,0,0,0.9992918143,0
1,0,-50,126,0,0,0,0.598941618,0
1,0,-177,7,0,0,0,0.9207034288,0
1,0,137,19,0,0,0,0.6035287076,0
1,0,169,175,0,0,0,1.667472088,0
1,0,76,26,0,0,0,0.9662301459,0
1,0,32,139,0,0,0,1.679249949,0
1,0,-163,100,0,0,0,0.5066458519,0
1,0,151,-53,0,0,0,0.8955253296,0
1,0,34,-105,0,0,0,1.443873779,0
1,0,-153,2,0,0,0,0.3947910998,0
1,0,23,148,0,0,0,0.7152233011,0
1,0,-1,37,0,0,0,0.8736280971,0
1,0,119,-56,0,0,0,2.649142114,0
1,0,121,-145,0,0,0,1.540696239,0
1,0,1,-159,0,0,0,1.572339135,0
1,0,-32,164,0,0,0,0.1174957033,0
1,0,33,172,0,0,0,1.347871476,0
1,0,175,73,0,0,0,0.915732224,0
1,0,-135,-145,0,0,0,0.625070273,0
1,0,-118,-91,0,0,0,0.9341894169,0
1,0,16,0,0,0,0,0.6209262881,0
1,0,20,5,0,0,0,0.5526181002,0
1,0,66,-106,0,0,0,1.820765437,0
1,0,-86,77,0,0,0,0.67992424,0
1,0,-143,175,0,0,0,0.1707039948,0
1,0,-79,-58,0,0,0,1.402326228,0
1,0,129,143,0,0,0,0.3488447296,0
1,0,-63,-60,0,0,0,1.126395017,0
1,0,-14,74,0,0,0,1.703306798,0
1,0,-2,-94,0,0,0,1.317799185,0
1,0,155,26,0,0,0,0.1055863471,0
1,0,147,-67,0,0,0,0.8802999309,0
1,0,22,55,0,0,0,0.574453728,0
1,0,96,-27,0,0,0,2.442252199,0
1,0,-75,-136,0,0,0,0.3803580221,0
1,0,-40,-44,0,0,0,0.219314983,0
1,0,-123,-165,0,0,0,2.534518996,0
1,0,84,47,0,0,0,0.335162185,0
1,0,-2,12,0,0,0,0.3590583297,0
1,0,0,-93,0,0,0,0.1904961627,0
1,0,-44,123,0,0,0,0.5446191652,0
1,0,-167,4,0,0,0,0.9631354542,0
1,0,-35,-98,0,0,0,0.2236466243,0
1,0,-70,32,0,0,0,0.4542268864,0
1,0,169,-174,0,0,0,0.785372793,0
1,0,-37,38,0,0,0,1.427527939,0
1,0,-60,84,0,0,0,2.173524695,0
1,0,-13,-49,0,0,0,0.1865111215,0
1,0,37,-4,0,0,0,2.183156309,0
1,0,41,-19,0,0,0,0.9569228245,0
1,0,-63,-99,0,0,0,0.8328467058,0
1,0,6,175,0,0,0,1.627367816,0
1,0,-161,84,0,0,0,0.3542562212,0
1,0,102,-48,0,0,0,1.006088342,0
1,0,92,79,0,0,0,2.666937725,0
1,0,-141,-63,0,0,0,1.022698674,0
1,0,-131,52,0,0,0,1.906545493,0
1,0,-169,-95,0,0,0,0.2894200769,0
1,0,35,165,0,0,0,1.528487414,0
1,0,-64,172,0,0,0,1.236493232,0
1,0,31,-8,0,0,0,1.735398784,0
1,0,138,-90,0,0,0,0.2955728531,0
1,0,24,28,0,0,0,1.091902674,0
1,0,95,-58,0,0,0,0.3985764477,0
1,0,133,75,0,0,0,1.535294282,0
1,0,66,-46,0,0,0,0.7620275655,0
1,0,-118,90,0,0,0,0.0447718456,0
1,0,59,21,0,0,0,0.5767851249,0
1,0,-161,-128,0,0,0,0.4413221703,0
1,0,86,66,0,0,0,0.248099315,0
1,0,28,-91,0,0,0,1.003140918,0
1,0,178,-122,0,0,0,0.5795111175,0
1,0,-4,170,0,0,0,1.743536699,0
1,0,-73,-93,0,0,0,0.9255776128,0
1,0,66,154,0,0,0,0.7083572091,0
1,0,12,27,0,0,0,0.07178053887,0
1,0,-172,-103,0,0,0,1.999643897,0
1,0,-132,0,0,0,0,1.302856486,0
1,0,21,41,0,0,0,1.009226674,0
1,0,135,-73,0,0,0,2.759577609,0
1,0,124,98,0,0,0,0.9285824848,0
1,0,-68,-9,0,0,0,1.329028816,0
1,0,71,95,0,0,0,2.306800325,0
1,0,44,72,0,0,0,0.9834212355,0
1,0,144,-90,0,0,0,0.9291418252,0
1,0,1,-137,0,0,0,2.530974483,0
1,0,-169,23,0,0,0,0.5633593307,0
1,0,-35,93,0,0,0,0.7744449868,0
1,0,-174,137,0,0,0,1.027912859,0
1,0,28,-48,0,0,0,1.718146633,0
1,0,154,114,0,0,0,0.4594823733,0
1,0,130,-145,0,0,0,1.967139619,0
1,0,-16,-139,0,0,0,0.02586561755,0
1,0,-146,-76,0,0,0,2.397604054,0
1,0,-4,43,0,0,0,1.860013878,0
1,0,-7,139,0,0,0,0.8142368516,0
1,0,45,149,0,0,0,1.02347468,0
1,0,-147,75,0,0,0,0.1049812247,0
1,0,75,96,0,0,0,0.5546379879,0
1,0,178,138,0,0,0,0.1768787592,0
1,0,-92,-54,0,0,0,1.524741245,0
1,0,100,-38,0,0,0,1.787169428,0
1,0,159,122,0,0,0,0.4342701465,0
1,0,-148,-151,0,0,0,2.925624981,0
1,0,136,131,0,0,0,0.08172815646,0
1,0,91,50,0,0,0,0.003648188851,0
1,0,-141,-128,0,0,0,0.8108009647,0
1,0,-56,131,0,0,0,0.9166182642,0
1,0,-132,-14,0,0,0,1.072993581,0
1,0,-174,40,0,0,0,0.6880644246,0
1,0,128,-165,0,0,0,0.5223713337,0
1,0,29,-5,0,0,0,0.1687349836,0
1,0,-9,-139,0,0,0,1.605610854,0
1,0,-83,-23,0,0,0,1.134421104,0
1,0,23,50,0,0,0,1.34107507,0
1,0,-38,-104,0,0,0,1.842460576,0
1,0,13,-172,0,0,0,1.423914499,0
1,0,144,-68,0,0,0,1.65165649,0
1,0,143,49,0,0,0,1.398609936,0
1,0,-112,130,0,0,0,0.08252846935,0
1,0,-33,-14,0,0,0,1.390778937,0
1,0,109,-82,0,0,0,1.8298683,0
1,0,131,105,0,0,0,1.328961848,0
1,0,129,180,0,0,0,0.5170521703,0
1,0,-123,127,0,0,0,0.3264478892,0
1,0,-97,16,0,0,0,1.528925063,0
1,0,-164,9,0,0,0,0.5697710546,0
1,0,-109,-73,0,0,0,0.2823513596,0
1,0,-132,-177,0,0,0,2.394781809,0
1,0,147,-44,0,0,0,0.7314515732,0
1,0,129,-61,0,0,0,0.5257545592,0
1,0,-68,86,0,0,0,0.1416667915,0
1,0,-79,58,0,0,0,1.221500372,0
1,0,-136,7,0,0,0,2.410668252,0
1,0,174,150,0,0,0,1.245308753,0
1,0,-48,4,0,0,0,0.1145136499,0
1,0,106,-161,0,0,0,0.647565178,0
1,0,123,-120,0,0,0,0.7387538822,0
1,0,-64,-13,0,0,0,0.3021675408,0
1,0,65,-22,0,0,0,1.978064686,0
1,0,141,160,0,0,0,0.9216529297,0
1,0,21,-52,0,0,0,1.897136881,0
1,0,124,-172,0,0,0,0.4578968157,0
1,0,19,93,0,0,0,1.818300631,0
1,0,-34,-112,0,0,0,2.310220671,0
1,0,-41,-94,0,0,0,0.7137547201,0
1,0,64,103,0,0,0,0.5593789717,0
1,0,-172,91,0,0,0,1.791962225,0
1,0,-100,-172,0,0,0,1.67667201,0
1,0,118,35,0,0,0,2.658859079,0
1,0,72,150,0,0,0,0.2606572081,0
1,0,56,82,0,0,0,1.968560283,0
1,0,-107,-57,0,0,0,2.102831653,0
1,0,62,-64,0,0,0,1.013606338,0
1,0,49,77,0,0,0,0.9625371385,0
1,0,-17,-111,0,0,0,1.93106536,0
1,0,0,-11,0,0,0,0.09348244437,0
1,0,149,-111,0,0,0,0.9800933707,0
1,0,-38,-155,0,0,0,0.9606961563,0
1,0,-92,143,0,0,0,1.901291567,0
1,0,10,-15,0,0,0,1.278230203,0
1,0,66,23,0,0,0,1.547805313,0
1,0,162,36,0,0,0,1.864201646,0
1,0,-114,43,0,0,0,1.034034296,0
1,0,149,-49,0,0,0,0.8162854062,0
1,0,-137,170,0,0,0,0.4410209507,0
1,0,33,-44,0,0,0,0.724496403,0
1,0,32,-106,0,0,0,0.8173351579,0
1,0,176,177,0,0,0,1.718160585,0
1,0,-26,86,0,0,0,0.6281440043,0
1,0,100,137,0,0,0,0.7569707907,0
1,0,170,-54,0,0,0,1.821422755,0
1,0,-117,-149,0,0,0,1.710530563,0
1,0,30,123,0,0,0,0.3491615641,0
1,0,-132,41,0,0,0,1.6858792,0
1,0,147,-155,0,0,0,0.398183944,0
1,0,101,1,0,0,0,0.5750850151,0
1,0,166,-77,0,0,0,0.3281821231,0
1,0,-41,157,0,0,0,0.820530656,0
1,0,-6,51,0,0,0,0.3892049362,0
1,0,-122,38,0,0,0,2.333269927,0
1,0,-28,-123,0,0,0,1.606756374,0
1,0,-143,59,0,0,0,0.1311324893,0
1,0,-168,-172,0,0,0,0.5189595804,0
1,0,-50,163,0,0,0,0.03779112881,0
1,0,83,-88,0,0,0,0.2645984541,0
1,0,-103,20,0,0,0,0.8519938733,0
1,0,-53,-33,0,0,0,0.685166849,0
1,0,-12,-4,0,0,0,0.3471114863,0
1,0,68,-149,0,0,0,0.3655070474,0
1,0,-119,-179,0,0,0,0.04218900249,0
1,0,132,35,0,0,0,0.5253261339,0
1,0,143,1,0,0,0,0.0340394593,0
1,0,162,3,0,0,0,1.530012137,0
1,0,-6,-128,0,0,0,1.24088961,0
1,0,160,-30,0,0,0,0.08256399574,0
1,0,144,-164,0,0,0,0.3631839966,0
1,0,-32,126,0,0,0,0.5661771165,0
1,0,-139,-101,0,0,0,0.3499388291,0
1,0,-84,-127,0,0,0,1.774772522,0
1,0,-130,166,0,0,0,0.1931769177,0
1,0,155,132,0,0,0,1.198646759,0
1,0,142,-163,0,0,0,1.73673701,0
1,0,-150,-66,0,0,0,1.719824918,0
1,0,-86,-50,0,0,0,0.3660963573,0
1,0,-74,-124,0,0,0,0.880828555,0
1,0,43,26,0,0,0,0.8476409084,0
1,0,-83,102,0,0,0,0.6604631328,0
1,0,79,-132,0,0,0,1.887600377,0
1,0,49,164,0,0,0,0.98142741,0
1,0,-139,63,0,0,0,1.870629775,0
1,0,-66,-96,0,0,0,0.2075641673,0
1,0,149,-129,0,0,0,1.406571627,0
1,0,163,-65,0,0,0,0.8533132166,0
1,0,74,143,0,0,0,1.328223987,0
1,0,108,35,0,0,0,0.6066171436,0
1,0,164,80,0,0,0,0.05949240176,0
1,0,131,169,0,0,0,0.1984788688,0
1,0,-157,-75,0,0,0,0.538306704,0
1,0,-37,118,0,0,0,0.4617546072,0
1,0,159,37,0,0,0,0.919666295,0
1,0,79,79,0,0,0,0.3811291872,0
1,0,-33,-64,0,0,0,0.5380329005,0
1,0,-100,122,0,0,0,0.2280402617,0
1,0,53,16,0,0,0,1.183979079,0
1,0,94,53,0,0,0,0.7938908886,0
1,0,-102,53,0,0,0,1.88841475,0
1,0,-145,176,0,0,0,1.57323104,0
1,0,-178,119,0,0,0,2.256216566,0
1,0,-34,66,0,0,0,1.010810826,0
1,0,38,51,0,0,0,0.9250471029,0
1,0,-21,90,0,0,0,0.4997031071,0
1,0,14,-93,0,0,0,1.155447716,0
1,0,71,-146,0,0,0,1.322574481,0
1,0,-24,103,0,0,0,1.5004676,0
1,0,16,38,0,0,0,0.9332825647,0
1,0,-130,-51,0,0,0,1.768961512,0
1,0,10,175,0,0,0,0.02946532,0
1,0,-173,-88,0,0,0,0.4790949828,0
1,0,-39,-111,0,0,0,1.986511458,0
1,0,-61,75,0,0,0,0.4793833201,0
1,0,34,-67,0,0,0,0.8808064241,0
1,0,-165,89,0,0,0,1.392515592,0
1,0,56,-146,0,0,0,0.3615329005,0
1,0,-169,142,0,0,0,2.609558256,0
1,0,146,-18,0,0,0,1.932829399,0
1,0,136,-155,0,0,0,2.66310229,0
1,0,-149,-74,0,0,0,0.3645737994,0
1,0,-8,137,0,0,0,0.9065963575,0
1,0,-75,26,0,0,0,2.008659107,0
1,0,-124,-179,0,0,0,0.8820592692,0
1,0,-34,33,0,0,0,0.5542423543,0
1,0,63,-46,0,0,0,1.625503144,0
1,0,60,-36,0,0,0,0.9142171488,0
1,0,77,102,0,0,0,1.137204089,0
1,0,44,79,0,0,0,2.856383624,0
1,0,-128,84,0,0,0,0.4007149272,0
1,0,13,162,0,0,0,1.324787462,0
1,0,-1,109,0,0,0,1.259136596,0
1,0,169,168,0,0,0,0.991943501,0
1,0,-67,141,0,0,0,0.6562446339,0
1,0,-176,165,0,0,0,0.2461020119,0
1,0,-76,-49,0,0,0,0.6372111807,0
1,0,93,-63,0,0,0,0.9445461794,0
1,0,-171,7,0,0,0,1.497263567,0
1,0,51,62,0,0,0,2.153321425,0
1,0,-127,105,0,0,0,1.186810282,0
1,0,174,-123,0,0,0,1.163169646,0
1,0,-139,-143,0,0,0,1.583838622,0
1,0,-69,-37,0,0,0,0.7392946504,0
1,0,64,95,0,0,0,0.764682032,0
1,0,-176,-67,0,0,0,0.8500717125,0
1,0,160,38,0,0,0,0.1199942149,0
1,0,179,-133,0,0,0,1.947945596,0
1,0,-157,39,0,0,0,0.7575431139,0
1,0,-6,-21,0,0,0,2.290307279,0
1,0,177,-131,0,0,0,0.06636015504,0
1,0,-55,-147,0,0,0,1.76673927,0
1,0,140,-156,0,0,0,2.157065905,0
1,0,-48,-153,0,0,0,1.189052623,0
1,0,-33,-7,0,0,0,1.315089878,0
1,0,124,64,0,0,0,1.149586662,0
1,0,-94,-87,0,0,0,0.9462611583,0
1,0,-92,12,0,0,0,0.9368137299,0
1,0,-3,-115,0,0,0,0.9036536378,0
1,0,130,86,0,0,0,2.927913998,0
1,0,61,61,0,0,0,1.900353147,0
1,0,-177,-31,0,0,0,0.4188707005,0
1,0,23,113,0,0,0,0.9686453077,0
1,0,-145,9,0,0,0,0.1239260961,0
1,0,116,4,0,0,0,0.382435774,0
1,0,29,113,0,0,0,0.3059325794,0
1,0,80,-102,0,0,0,1.733743325,0
1,0,38,136,0,0,0,1.996148167,0
1,0,-70,-101,0,0,0,0.9883341765,0
1,0,88,112,0,0,0,1.354417806,0
1,0,-118,16,0,0,0,0.02824248624,0
1,0,-135,-17,0,0,0,0.4502062055,0
1,0,56,53,0,0,0,0.9658089137,0
1,0,124,168,0,0,0,1.861608423,0
1,0,55,45,0,0,0,1.388681527,0
1,0,48,161,0,0,0,1.72068557,0
1,0,32,-60,0,0,0,0.802994384,0
1,0,170,141,0,0,0,0.5694182976,0
1,0,41,-17,0,0,0,0.5758645937,0
1,0,60,-148,0,0,0,1.72746115,0
1,0,179,-103,0,0,0,0.5206377261,0
1,0,-122,113,0,0,0,0.7669295752,0
1,0,-65,24,0,0,0,0.10603388,0
1,0,8,-51,0,0,0,0.9344364021,0
1,0,-92,-44,0,0,0,1.469182861,0
1,0,-46,-58,0,0,0,2.180024235,0
1,0,-172,72,0,0,0,0.635528847,0
1,0,-23,157,0,0,0,0.3839683425,0
1,0,-58,76,0,0,0,0.9541224824,0
1,0,-115,-109,0,0,0,0.7186033379,0
1,0,96,-34,0,0,0,0.7441249002,0
1,0,77,-68,0,0,0,0.316923888,0
1,0,7,120,0,0,0,0.2326987994,0
1,0,77,116,0,0,0,0.667484412,0
1,0,-172,-100,0,0,0,0.5749021282,0
1,0,-174,-1,0,0,0,1.879912416,0
1,0,62,-67,0,0,0,0.6432574976,0
1,0,118,-129,0,0,0,1.169755562,0
1,0,87,37,0,0,0,0.5044632175,0
1,0,-90,-49,0,0,0,1.75545413,0
1,0,69,173,0,0,0,0.1343254134,0
1,0,-42,77,0,0,0,0.5004384327,0
1,0,79,-165,0,0,0,1.873837269,0
1,0,-154,-147,0,0,0,0.05405204021,0
1,0,31,-161,0,0,0,0.498692863,0
1,0,-53,64,0,0,0,1.251221725,0
1,0,-13,97,0,0,0,2.763351224,0
1,0,-2,174,0,0,0,1.653812815,0
1,0,79,174,0,0,0,1.700546035,0
1,0,27,70,0,0,0,0.8651326828,0
1,0,134,125,0,0,0,1.33816553,0
1,0,-162,-86,0,0,0,1.105042233,0
1,0,-178,-147,0,0,0,0.6139406759,0
1,0,-108,-172,0,0,0,2.155294787,0
1,0,-176,142,0,0,0,1.628947453,0
1,0,67,21,0,0,0,0.1618135057,0
1,0,-68,28,0,0,0,2.603564225,0
1,0,-80,6,0,0,0,0.4707451863,0
1,0,-19,-50,0,0,0,1.083927719,0
1,0,128,124,0,0,0,0.7080677206,0
1,0,11,173,0,0,0,0.4543805177,0
1,0,-19,-157,0,0,0,0.009617995397,0
1,0,-133,137,0,0,0,0.06813560696,0
1,0,-42,49,0,0,0,1.707238766,0
1,0,-152,158,0,0,0,0.19371641,0
1,0,-25,-13,0,0,0,1.085315757,0
1,0,167,-21,0,0,0,0.7348299218,0
1,0,-123,-151,0,0,0,0.8875175774,0
1,0,32,-165,0,0,0,0.2894190206,0
1,0,124,-85,0,0,0,2.748489737,0
1,0,5,145,0,0,0,0.5646909661,0
1,0,-116,-57,0,0,0,0.09236630955,0
1,0,35,-20,0,0,0,1.508091037,0
1,0,145,-56,0,0,0,1.753639247,0
1,0,-88,138,0,0,0,0.4289752458,0
1,0,-47,-24,0,0,0,0.3905978367,0
1,0,166,-66,0,0,0,1.469739892,0
1,0,78,-6,0,0,0,0.757625053,0
1,0,125,-83,0,0,0,0.4957827201,0
1,0,-113,-96,0,0,0,0.9376999903,0
1,0,11,-31,0,0,0,0.1788431827,0
1,0,-102,-166,0,0,0,0.2392100668,0
1,0,75,-71,0,0,0,0.08219816742,0
1,0,-36,131,0,0,0,0.2311991007,0
1,0,-59,45,0,0,0,1.416359556,0
1,0,-80,-58,0,0,0,0.6369583114,0
1,0,-114,90,0,0,0,1.06230783,0
1,0,-101,-146,0,0,0,0.6018636233,0
1,0,-123,-171,0,0,0,1.688133061,0
1,0,-133,149,0,0,0,2.785073188,0
1,0,170,80,0,0,0,0.01978601802,0
1,0,87,99,0,0,0,0.8806701606,0
1,0,163,89,0,0,0,2.931271667,0
1,0,-149,-159,0,0,0,1.272342448,0
1,0,-19,26,0,0,0,0.5993669404,0
1,0,65,-50,0,0,0,0.5707786653,0
1,0,148,-179,0,0,0,1.927929218,0
1,0,-16,52,0,0,0,0.3764500392,0
1,0,88,36,0,0,0,2.452432014,0
1,0,5,171,0,0,0,0.2640805802,0
1,0,-1,98,0,0,0,0.6172268535,0
1,0,58,-180,0,0,0,0.9250057012,0
1,0,-144,19,0,0,0,0.6850662039,0
1,0,4,-98,0,0,0,2.057613928,0
1,0,104,98,0,0,0,0.3251947577,0
1,0,118,-77,0,0,0,0.7357044877,0
1,0,-122,-8,0,0,0,1.061558698,0
1,0,-8,-105,0,0,0,0.3334089166,0
1,0,124,-147,0,0,0,2.51912,0
1,0,27,-97,0,0,0,1.287303901,0
1,0,-81,-156,0,0,0,1.433446455,0
1,0,119,48,0,0,0,1.965890641,0
1,0,103,-127,0,0,0,2.036727321,0
1,0,-96,26,0,0,0,1.766689569,0
1,0,121,6,0,0,0,1.985064883,0
1,0,-106,-107,0,0,0,0.17946853,0
1,0,-95,42,0,0,0,0.7017434071,0
1,0,4,147,0,0,0,1.073915396,0
1,0,169,110,0,0,0,0.04631701638,0
1,0,174,35,0,0,0,0.516196092,0
1,0,62,117,0,0,0,0.8365405314,0
1,0,5,109,0,0,0,2.088504242,0
1,0,38,8,0,0,0,1.674880078,0
1,0,127,-79,0,0,0,0.8705068114,0
1,0,-161,-132,0,0,0,0.05552880632,0
1,0,-171,-70,0,0,0,0.1144660609,0
1,0,-173,11,0,0,0,0.8088558184,0
1,0,-101,77,0,0,0,2.032646361,0
1,0,85,-122,0,0,0,0.01472253977,0
1,0,-111,126,0,0,0,2.59797859,0
1,0,16,-68,0,0,0,1.846205614,0
1,0,-88,154,0,0,0,0.2404858318,0
1,0,-79,174,0,0,0,0.2353973429,0
1,0,-141,91,0,0,0,0.8870498486,0
1,0,180,-70,0,0,0,0.4919517253,0
1,0,-97,77,0,0,0,2.97812775,0
1,0,-50,-158,0,0,0,0.7525406787,0
1,0,-76,-148,0,0,0,0.9951451883,0
1,0,103,-15,0,0,0,1.889088153,0
1,0,-62,155,0,0,0,0.1321389193,0
1,0,-103,-45,0,0,0,0.9832716819,0
1,0,84,111,0,0,0,0.4720556744,0
1,0,-90,134,0,0,0,2.328362923,0
1,0,-128,-42,0,0,0,0.5929963403,0
1,0,30,156,0,0,0,0.8690833048,0
1,0,-175,-78,0,0,0,0.6122396411,0
1,0,-117,109,0,0,0,1.083490653,0
1,0,147,164,0,0,0,0.03702611835,0
1,0,-117,-151,0,0,0,0.2247790984,0
1,0,170,-19,0,0,0,2.308052594,0
1,0,65,-126,0,0,0,0.9945568883,0
1,0,140,-66,0,0,0,2.588866242,0
1,0,147,-171,0,0,0,0.2457991541,0
1,0,-4,95,0,0,0,0.6856408196,0
1,0,143,-88,0,0,0,0.6677948184,0
1,0,24,51,0,0,0,1.948392951,0
1,0,-131,-66,0,0,0,0.8186235942,0
1,0,-29,-145,0,0,0,1.746459674,0
1,0,-159,-150,0,0,0,0.775574676,0
1,0,130,-104,0,0,0,1.52750628,0
1,0,-144,64,0,0,0,2.834253829,0
1,0,135,-34,0,0,0,2.342107599,0
1,0,-10,101,0,0,0,0.05510201355,0
1,0,-155,46,0,0,0,1.168773299,0
1,0,37,177,0,0,0,0.8226350874,0
1,0,163,105,0,0,0,0.7133613973,0
1,0,157,-90,0,0,0,2.21392607,0
1,0,-35,94,0,0,0,0.9970604336,0
1,0,85,-113,0,0,0,0.7585329394,0
1,0,26,-88,0,0,0,1.444131228,0
1,0,137,25,0,0,0,0.5039768274,0
1,0,-21,-153,0,0,0,2.527116458,0
1,0,-137,82,0,0,0,0.5994454457,0
1,0,-150,89,0,0,0,0.6694844117,0
1,0,-44,175,0,0,0,1.14767149,0
1,0,9,-74,0,0,0,0.8564750234,0
1,0,56,-46,0,0,0,0.5402128836,0
1,0,-42,111,0,0,0,0.2543404358,0
1,0,40,122,0,0,0,0.8686285369,0
1,0,117,34,0,0,0,2.015703258,0
1,0,-78,-69,0,0,0,1.159212197,0
1,0,-14,-114,0,0,0,2.978971172,0
1,0,-108,156,0,0,0,2.221666675,0
1,0,98,89,0,0,0,0.2253294386,0
1,0,73,-146,0,0,0,2.223976773,0
1,0,94,-80,0,0,0,1.696900071,0
1,0,171,78,0,0,0,0.3426610636,0
1,0,52,51,0,0,0,0.945484014,0
1,0,-148,-43,0,0,0,1.801939143,0
1,0,-102,-115,0,0,0,0.2296363374,0
1,0,-35,-82,0,0,0,0.04855759082,0
1,0,-62,36,0,0,0,1.912282705,0
1,0,-68,-98,0,0,0,1.401490667,0
1,0,19,-44,0,0,0,0.9025370559,0
1,0,158,-127,0,0,0,0.7762578592,0
1,0,77,107,0,0,0,0.4615723011,0
1,0,175,45,0,0,0,2.295940169,0
1,0,-77,123,0,0,0,1.396489954,0
1,0,135,-160,0,0,0,0.4180385463,0
1,0,57,135,0,0,0,0.7928984916,0
1,0,135,136,0,0,0,0.134223568,0
1,0,148,-19,0,0,0,0.810575505,0
1,0,-77,125,0,0,0,0.2582811725,0
1,0,-69,4,0,0,0,1.344499371,0
1,0,-162,104,0,0,0,1.585647484,0
1,0,128,-139,0,0,0,1.742619557,0
1,0,76,-49,0,0,0,1.969154744,0
1,0,-81,-53,0,0,0,1.204375665,0
1,0,149,123,0,0,0,1.150626249,0
1,0,-110,156,0,0,0,2.385557933,0
1,0,174,49,0,0,0,0.7309081313,0
1,0,-53,-119,0,0,0,0.3367052049,0
1,0,-158,-125,0,0,0,0.5548506267,0
1,0,13,-168,0,0,0,1.846612423,0
1,0,57,-100,0,0,0,2.761769805,0
1,0,-6,12,0,0,0,0.3915515471,0
1,0,7,41,0,0,0,0.2936190441,0
1,0,-140,20,0,0,0,0.05669769786,0
1,0,137,100,0,0,0,2.688440965,0
1,0,-102,47,0,0,0,1.801462135,0
1,0,-33,-23,0,0,0,0.6905797595,0
1,0,-173,-100,0,0,0,0.2174120335,0
1,0,-9,18,0,0,0,1.816923382,0
1,0,-123,-160,0,0,0,0.1492786384,0
1,0,32,-31,0,0,0,0.06165161485,0
1,0,-52,81,0,0,0,0.1233713049,0
1,0,-85,-145,0,0,0,1.729980853,0
1,0,119,16,0,0,0,0.001618642772,0
1,0,-131,-122,0,0,0,0.30649755,0
1,0,-112,132,0,0,0,1.109630814,0
1,0,-67,-4,0,0,0,0.9658077461,0
1,0,147,42,0,0,0,1.076641762,0
1,0,100,-160,0,0,0,0.5387687775,0
1,0,17,165,0,0,0,1.708139402,0
1,0,137,-176,0,0,0,0.6482907769,0
1,0,-171,-129,0,0,0,2.688049781,0
1,0,29,177,0,0,0,1.989935382,0
1,0,-171,42,0,0,0,1.604030664,0
1,0,-53,158,0,0,0,0.7086943232,0
1,0,-111,16,0,0,0,1.860485173,0
1,0,-93,42,0,0,0,1.549187605,0
1,0,-104,-43,0,0,0,0.8328045824,0
1,0,-61,92,0,0,0,0.760916567,0
1,0,-35,-87,0,0,0,0.8248827537,0
1,0,-65,34,0,0,0,0.8898207347,0
1,0,97,-167,0,0,0,0.5102289375,0
1,0,-72,-122,0,0,0,0.9217302591,0
1,0,-92,33,0,0,0,0.4204378654,0
1,0,26,-95,0,0,0,2.602204321,0
1,0,-155,51,0,0,0,0.1403426359,0
1,0,-141,-25,0,0,0,0.4391901961,0
1,0,-157,110,0,0,0,0.5725817116,0
1,0,-11,178,0,0,0,0.8952494751,0
1,0,-131,24,0,0,0,1.437569364,0
1,0,3,78,0,0,0,0.5337482369,0
1,0,124,54,0,0,0,2.365797691,0
1,0,-4,13,0,0,0,0.5327896636,0
1,0,166,72,0,0,0,0.4130221171,0
1,0,32,71,0,0,0,2.914820958,0
1,0,-173,172,0,0,0,0.8974854024,0
1,0,10,-7,0,0,0,0.9517170378,0
1,0,41,-126,0,0,0,1.625813533,0
1,0,110,-127,0,0,0,0.1398437469,0
1,0,-65,-49,0,0,0,0.09606090827,0
1,0,-107,-30,0,0,0,0.7362718365,0
1,0,-167,-31,0,0,0,1.918012675,0
1,0,84,-126,0,0,0,0.6428353898,0
1,0,-118,124,0,0,0,0.852091832,0
1,0,-87,24,0,0,0,1.861961146,0
1,0,-153,177,0,0,0,0.1483563325,0
1,0,-78,-114,0,0,0,1.379032142,0
1,0,-64,157,0,0,0,1.104895066,0
1,0,15,-81,0,0,0,0.4414392008,0
1,0,-106,129,0,0,0,0.3917983717,0
1,0,-37,104,0,0,0,0.7909985011,0
1,0,-144,-106,0,0,0,1.253921038,0
1,0,-42,13,0,0,0,1.121367494,0
1,0,-81,-166,0,0,0,0.3936769397,0
1,0,62,-63,0,0,0,1.076180666,0
1,0,-98,4,0,0,0,0.7465424957,0
1,0,-120,148,0,0,0,0.1604605165,0
1,0,128,90,0,0,0,0.07057856955,0
1,0,-26,-154,0,0,0,0.9564735299,0
1,0,-146,96,0,0,0,0.6608559523,0
1,0,-169,25,0,0,0,0.4842667501,0
1,0,158,-96,0,0,0,0.4629272445,0
1,0,-177,-137,0,0,0,0.3614208287,0
1,0,-92,-173,0,0,0,0.7730495291,0
1,0,27,42,0,0,0,1.054066155,0
1,0,-62,4,0,0,0,0.9754981909,0
1,0,162,-4,0,0,0,0.2745520795,0
1,0,-122,-163,0,0,0,0.6576870153,0
1,0,-107,7,0,0,0,0.3998201931,0
1,0,10,34,0,0,0,1.211644018,0
1,0,84,-1,0,0,0,0.4338757648,0
1,0,15,-64,0,0,0,0.02298000442,0
1,0,57,-86,0,0,0,0.8341031732,0
1,0,106,95,0,0,0,1.361777426,0
1,0,25,39,0,0,0,0.6549328911,0
1,0,157,49,0,0,0,0.5127584989,0
1,0,88,101,0,0,0,2.172370857,0
1,0,150,39,0,0,0,2.133590008,0
1,0,-14,155,0,0,0,1.539206053,0
1,0,-180,176,0,0,0,0.02781544724,0
1,0,-174,-56,0,0,0,1.551117829,0
1,0,-59,-73,0,0,0,0.2674749136,0
1,0,-45,-151,0,0,0,1.529282306,0
1,0,78,41,0,0,0,0.08679782513,0
1,0,18,126,0,0,0,0.2903368081,0
1,0,-7,47,0,0,0,1.383997215,0
1,0,-177,-49,0,0,0,0.6270773219,0
1,0,-27,-115,0,0,0,1.315790936,0
1,0,-68,-68,0,0,0,2.00671482,0
1,0,8,127,0,0,0,0.8796253359,0
1,0,157,-163,0,0,0,0.5369963913,0
1,0,-136,-72,0,0,0,1.573617478,0
1,0,-179,16,0,0,0,0.2262996488,0
1,0,-26,-117,0,0,0,0.9964976364,0
1,0,-12,-146,0,0,0,1.753857127,0
1,0,-88,-52,0,0,0,2.594834733,0
1,0,-60,57,0,0,0,0.7941972884,0
1,0,78,-102,0,0,0,1.215750302,0
1,0,66,129,0,0,0,0.2733148169,0
1,0,173,65,0,0,0,1.784884066,0
1,0,137,153,0,0,0,0.3549390544,0
1,0,-66,-82,0,0,0,0.5096639989,0
1,0,-56,-148,0,0,0,2.199154525,0
1,0,-115,103,0,0,0,2.669579949,0
1,0,44,30,0,0,0,0.7481554116,0
1,0,140,-11,0,0,0,1.916226757,0
1,0,-23,-123,0,0,0,1.892101682,0
1,0,-3,-150,0,0,0,0.6118309954,0
1,0,-109,-31,0,0,0,1.310668957,0
1,0,-145,-52,0,0,0,0.3463074997,0
1,0,-126,-23,0,0,0,0.3469965462,0
1,0,-124,-125,0,0,0,2.280916404,0
1,0,85,-110,0,0,0,2.585569623,0
1,0,93,-29,0,0,0,1.005792821,0
1,0,144,73,0,0,0,0.3549673963,0
1,0,135,-161,0,0,0,0.5578364902,0
1,0,100,71,0,0,0,0.03436484742,0
1,0,-129,-60,0,0,0,1.810095575,0
1,0,142,136,0,0,0,0.765641924,0
1,0,83,67,0,0,0,0.7607124964,0
1,0,29,27,0,0,0,0.0774620602,0
1,0,-27,11,0,0,0,0.210389363,0
1,0,-49,-30,0,0,0,0.7252818176,0
1,0,128,-25,0,0,0,2.929026044,0
1,0,-17,-76,0,0,0,0.9333136124,0
1,0,-151,90,0,0,0,2.760781394,0
1,0,-62,56,0,0,0,2.256441134,0
1,0,75,25,0,0,0,0.4388327386,0
1,0,-52,-115,0,0,0,0.09648975552,0
1,0,141,138,0,0,0,1.686840686,0
1,0,-167,43,0,0,0,0.7613918864,0
1,0,125,-142,0,0,0,2.36676911,0
1,0,-90,178,0,0,0,1.531706538,0
1,0,-25,-89,0,0,0,0.9312694735,0
1,0,-170,-143,0,0,0,2.910561336,0
1,0,5,58,0,0,0,0.8939981145,0
1,0,-171,-39,0,0,0,1.694355295,0
1,0,-139,177,0,0,0,1.922597122,0
1,0,55,-28,0,0,0,0.8470695964,0
1,0,55,177,0,0,0,1.077365847,0
1,0,150,8,0,0,0,0.7162087836,0
1,0,-77,95,0,0,0,0.9662589749,0
1,0,12,73,0,0,0,0.03146897067,0
1,0,117,65,0,0,0,0.3135812913,0
1,0,-35,-114,0,0,0,0.9956695867,0
1,0,-6,-4,0,0,0,0.9634352362,0
1,0,-73,62,0,0,0,2.959694553,0
1,0,172,-155,0,0,0,1.118701802,0
1,0,50,-160,0,0,0,1.568223014,0
1,0,43,-171,0,0,0,1.708337775,0
1,0,-128,14,0,0,0,0.9065282753,0
1,0,-70,-24,0,0,0,0.8440163199,0
1,0,-107,-93,0,0,0,2.306754696,0
1,0,133,-164,0,0,0,1.97377529,0
1,0,56,-178,0,0,0,0.6626349172,0
1,0,-123,74,0,0,0,0.570161072,0
1,0,135,11,0,0,0,1.086611279,0
1,0,154,-4,0,0,0,2.648651694,0
1,0,-106,-26,0,0,0,0.3976156221,0
1,0,15,94,0,0,0,0.4660211661,0
1,0,85,175,0,0,0,1.748747346,0
1,0,50,176,0,0,0,0.1340932907,0
1,0,-164,131,0,0,0,1.698223264,0
1,0,136,-5,0,0,0,0.3930258862,0
1,0,25,125,0,0,0,0.6952513609,0
1,0,-82,57,0,0,0,2.680275798,0
1,0,123,-155,0,0,0,2.346051523,0
1,0,-9,-104,0,0,0,0.5286781715,0
1,0,-179,-69,0,0,0,1.527405095,0
1,0,-82,-4,0,0,0,1.390430532,0
1,0,170,2,0,0,0,0.5909669685,0
1,0,79,-75,0,0,0,0.9164130821,0
1,0,-103,-37,0,0,0,0.8168842375,0
1,0,166,-49,0,0,0,0.01077378288,0
1,0,8,-166,0,0,0,0.9023206738,0
1,0,160,68,0,0,0,1.46402109,0
1,0,-28,-160,0,0,0,0.5992231457,0
1,0,-2,-52,0,0,0,0.7263699896,0
1,0,-151,-25,0,0,0,0.3093814011,0
1,0,149,-36,0,0,0,1.865395758,0
1,0,9,18,0,0,0,0.1451756207,0
1,0,-38,51,0,0,0,1.569686776,0
1,0,180,0,0,0,0,0.06904785427,0
1,0,-122,20,0,0,0,2.112298379,0
1,0,-20,-11,0,0,0,1.441106959,0
1,0,-165,73,0,0,0,1.528001322,0
1,0,90,72,0,0,0,0.2848067141,0
1,0,22,89,0,0,0,0.4710378583,0
1,0,71,162,0,0,0,0.7482796392,0
1,0,136,-149,0,0,0,0.7547015169,0
1,0,-53,132,0,0,0,0.6247483899,0
1,0,-104,149,0,0,0,2.594978407,0
1,0,90,-121,0,0,0,1.31685545,0
1,0,-5,-156,0,0,0,1.961090479,0
1,0,52,-158,0,0,0,0.253310007,0
1,0,-103,90,0,0,0,0.00744595167,0
1,0,-8,129,0,0,0,1.829162154,0
1,0,-56,165,0,0,0,1.481111792,0
1,0,-79,143,0,0,0,0.33088953,0
1,0,135,-148,0,0,0,0.873106696,0
1,0,124,-39,0,0,0,1.477413922,0
1,0,85,109,0,0,0,0.579703602,0
1,0,-166,158,0,0,0,0.6161988282,0
1,0,47,-92,0,0,0,2.697687857,0
1,0,27,119,0,0,0,0.3958920079,0
1,0,-50,-64,0,0,0,0.5346520821,0
1,0,138,143,0,0,0,0.4706836516,0
1,0,-38,5,0,0,0,0.8782443335,0
1,0,-115,29,0,0,0,1.899517176,0
1,0,-138,82,0,0,0,0.6600371149,0
1,0,76,24,0,0,0,0.7629278022,0
1,0,176,-17,0,0,0,2.992700624,0
1,0,-145,-12,0,0,0,0.3782672936,0
1,0,125,-150,0,0,0,0.5066744759,0
1,0,-5,175,0,0,0,2.468129831,0
1,0,-174,13,0,0,0,0.3258500388,0
1,0,-112,-6,0,0,0,1.91893763,0
1,0,-109,-28,0,0,0,0.09425989546,0
1,0,57,164,0,0,0,0.02185893317,0
1,0,-180,-164,0,0,0,1.222818014,0
1,0,-164,-159,0,0,0,1.658441933,0
1,0,-68,54,0,0,0,0.8256188957,0
1,0,-48,60,0,0,0,0.8704866457,0
1,0,-58,126,0,0,0,0.9269821873,0
1,0,102,-39,0,0,0,1.093709499,0
1,0,75,48,0,0,0,0.1014943487,0
1,0,-163,-29,0,0,0,1.273735039,0
1,0,45,78,0,0,0,0.4530024864,0
1,0,-154,-64,0,0,0,0.219127425,0
1,0,54,15,0,0,0,1.750349405,0
1,0,-61,-142,0,0,0,0.2675828365,0
1,0,131,31,0,0,0,0.3131966837,0
1,0,-93,-102,0,0,0,1.277643472,0
1,0,-92,55,0,0,0,2.789102697,0
1,0,-157,114,0,0,0,0.5758185158,0
1,0,-62,119,0,0,0,1.973718704,0
1,0,-171,31,0,0,0,0.7567665001,0
1,0,79,-70,0,0,0,0.4712369688,0
1,0,15,145,0,0,0,2.346891507,0
1,0,-77,-85,0,0,0,0.2040424318,0
1,0,35,-16,0,0,0,0.5772638407,0
1,0,47,72,0,0,0,0.3143586244,0
1,0,23,104,0,0,0,0.1608719575,0
1,0,-135,-164,0,0,0,0.7082297605,0
1,0,173,-147,0,0,0,1.668907175,0
1,0,-85,-24,0,0,0,1.960308516,0
1,0,-144,-108,0,0,0,0.8661324165,0
1,0,-36,-144,0,0,0,0.7108231978,0
1,0,113,-72,0,0,0,1.241362804,0
1,0,-152,35,0,0,0,0.791652317,0
1,0,98,38,0,0,0,1.591976193,0
1,0,123,-180,0,0,0,2.542068283,0
1,0,96,-66,0,0,0,0.9051533218,0
1,0,151,-113,0,0,0,2.133155761,0
1,0,-121,-6,0,0,0,1.927697509,0
1,0,53,-29,0,0,0,0.2518520801,0
1,0,-6,-26,0,0,0,0.9340795487,0
1,0,18,-69,0,0,0,0.7747013709,0
1,0,-45,-17,0,0,0,0.2566038445,0
1,0,-72,-17,0,0,0,0.9995084415,0
1,0,-92,-37,0,0,0,1.792481094,0
1,0,-60,12,0,0,0,0.4399297118,0
1,0,79,-49,0,0,0,0.7460942227,0
1,0,62,-127,0,0,0,0.4598706928,0
1,0,101,-100,0,0,0,1.1342965,0
1,0,166,-138,0,0,0,0.0200192633,0
1,0,93,-101,0,0,0,2.451876423,0
1,0,-34,-22,0,0,0,0.5424036217,0
1,0,104,-126,0,0,0,0.7271509842,0
1,0,70,40,0,0,0,1.998183919,0
1,0,-105,-105,0,0,0,0.588532678,0
1,0,-8,55,0,0,0,0.8113442513,0
1,0,147,-19,0,0,0,0.9207234236,0
1,0,-135,11,0,0,0,1.50793911,0
1,0,-105,-126,0,0,0,0.1106439662,0
1,0,-71,-41,0,0,0,0.8097909785,0
1,0,76,-91,0,0,0,1.009190119,0
1,0,-137,-47,0,0,0,1.189691863,0
1,0,69,-19,0,0,0,0.450944492,0
1,0,175,-51,0,0,0,2.247874402,0
1,0,-78,60,0,0,0,0.6045883594,0
1,0,33,-118,0,0,0,0.5521189113,0
1,0,-31,143,0,0,0,0.01333363894,0
1,0,-137,-102,0,0,0,0.1148557612,0
1,0,61,-6,0,0,0,1.588283488,0
1,0,95,-48,0,0,0,0.02460536913,0
1,0,-108,128,0,0,0,0.5794633541,0
1,0,-146,167,0,0,0,0.3198380876,0
1,0,-112,143,0,0,0,1.095608344,0
1,0,83,-91,0,0,0,0.1129324224,0
1,0,6,132,0,0,0,0.978018174,0
1,0,156,132,0,0,0,0.9347105481,0
1,0,-94,-86,0,0,0,0.9989455617,0
1,0,30,123,0,0,0,1.34086414,0
1,0,-15,-106,0,0,0,1.796240455,0
1,0,28,-130,0,0,0,0.9386703038,0
1,0,54,-81,0,0,0,0.04759688276,0
1,0,96,-55,0,0,0,0.2930295272,0
1,0,4,136,0,0,0,1.422106624,0
1,0,171,100,0,0,0,0.1405726905,0
1,0,-127,78,0,0,0,1.71578015,0
1,0,-146,8,0,0,0,0.8162196731,0
1,0,-110,-164,0,0,0,0.9107128173,0
1,0,-41,-157,0,0,0,0.9937864695,0
1,0,79,105,0,0,0,1.968736859,0
1,0,46,63,0,0,0,0.3873549188,0
1,0,141,8,0,0,0,0.6696861013,0
1,0,-89,-71,0,0,0,1.988874994,0
1,0,162,-150,0,0,0,0.5872118542,0
1,0,35,127,0,0,0,0.1227325628,0
1,0,47,3,0,0,0,2.9546172,0
1,0,-108,-113,0,0,0,2.791832269,0
1,0,5,-78,0,0,0,0.8376895557,0
1,0,85,176,0,0,0,1.165754301,0
1,0,59,95,0,0,0,2.18338645,0
1,0,-161,-163,0,0,0,1.172059243,0
1,0,-158,-93,0,0,0,1.853136074,0
1,0,48,2,0,0,0,0.9686835343,0
1,0,150,-33,0,0,0,1.783534728,0
1,0,-71,-178,0,0,0,0.01288774234,0
1,0,38,-73,0,0,0,2.994517725,0
1,0,-119,100,0,0,0,1.622769593,0
1,0,-91,46,0,0,0,0.6436753476,0
1,0,-173,25,0,0,0,0.4117298573,0
1,0,-5,21,0,0,0,0.1966760388,0
1,0,94,-14,0,0,0,0.3339056506,0
1,0,45,-156,0,0,0,0.7090877271,0
1,0,-135,129,0,0,0,0.2593586096,0
1,0,51,7,0,0,0,1.973243144,0
1,0,117,7,0,0,0,0.1285329066,0
1,0,125,-158,0,0,0,0.2433284298,0
1,0,106,-166,0,0,0,0.3399617207,0
1,0,41,-27,0,0,0,0.06934940335,0
1,0,121,164,0,0,0,0.2308211354,0
1,0,5,17,0,0,0,1.174622019,0
1,0,-177,145,0,0,0,0.1124367274,0
1,0,-70,120,0,0,0,1.987853061,0
1,0,-17,-158,0,0,0,0.0645385364,0
1,0,-82,-67,0,0,0,0.003405843132,0
1,0,-40,81,0,0,0,0.1153775042,0
1,0,151,-128,0,0,0,1.217546721,0
1,0,-56,-158,0,0,0,1.396075449,0
1,0,-108,-81,0,0,0,1.758498763,0
1,0,-153,131,0,0,0,1.890708611,0
1,0,171,-87,0,0,0,0.6250182675,0
1,0,100,-46,0,0,0,0.7396539202,0
1,0,-37,-47,0,0,0,2.150560155,0
1,0,105,-42,0,0,0,0.8253943831,0
1,0,-3,-157,0,0,0,1.009576218,0
1,0,42,117,0,0,0,0.3658300539,0
1,0,-7,-74,0,0,0,0.1328780885,0
1,0,-102,-105,0,0,0,0.0883658974,0
1,0,73,-73,0,0,0,0.04055864157,0
1,0,176,-72,0,0,0,1.990184296,0
1,0,45,-60,0,0,0,0.9025563009,0
1,0,-19,177,0,0,0,0.2458168918,0
1,0,65,-158,0,0,0,2.358901814,0
1,0,115,-160,0,0,0,0.433238606,0
1,0,-44,8,0,0,0,1.342334667,0
1,0,36,104,0,0,0,2.719097015,0
1,0,-48,-18,0,0,0,0.4388649123,0
1,0,-50,-154,0,0,0,0.2887307058,0
1,0,-152,100,0,0,0,0.8684868379,0
1,0,57,-61,0,0,0,0.2232762062,0
1,0,-76,127,0,0,0,0.234609116,0
1,0,-133,-71,0,0,0,0.6188210775,0
1,0,-103,108,0,0,0,1.385722337,0
1,0,-105,-132,0,0,0,0.3955616541,0
1,0,-132,153,0,0,0,0.1057440035,0
1,0,120,42,0,0,0,1.517992929,0
1,0,-20,-17,0,0,0,0.03291114598,0
1,0,-174,-33,0,0,0,0.1639402978,0
1,0,-139,63,0,0,0,0.7416551609,0
1,0,7,32,0,0,0,1.884889528,0
1,0,-87,48,0,0,0,0.2771213858,0
1,0,-58,167,0,0,0,0.6186207705,0
1,0,16,111,0,0,0,0.4642498586,0
1,0,66,174,0,0,0,1.271610846,0
1,0,41,145,0,0,0,0.8997824112,0
1,0,-27,75,0,0,0,2.8383351,0
1,0,100,-66,0,0,0,0.9974384473,0
1,0,156,158,0,0,0,0.1415384841,0
1,0,83,136,0,0,0,2.005556289,0
1,0,-177,25,0,0,0,0.8718136626,0
1,0,144,-99,0,0,0,0.4058022842,0
1,0,87,-12,0,0,0,1.494531883,0
1,0,31,107,0,0,0,0.7904656958,0
1,0,-73,79,0,0,0,0.9113963248,0
1,0,-145,40,0,0,0,0.6887358586,0
1,0,153,91,0,0,0,2.181612575,0
1,0,-92,106,0,0,0,0.1570667542,0
1,0,92,-134,0,0,0,0.02794074054,0
1,0,92,-90,0,0,0,0.5521467513,0
1,0,90,-123,0,0,0,2.30156085,0
1,0,-82,-129,0,0,0,1.681076145,0
1,0,-174,-61,0,0,0,0.7231882401,0
1,0,4,91,0,0,0,0.0006768387591,0
1,0,172,30,0,0,0,2.149044958,0
1,0,176,-114,0,0,0,0.1559832532,0
1,0,-87,-128,0,0,0,1.665118132,0
1,0,66,26,0,0,0,2.396026965,0
1,0,97,-165,0,0,0,0.5583496073,0
1,0,-122,37,0,0,0,0.3248689832,0
1,0,97,156,0,0,0,0.4562460439,0
1,0,-92,-129,0,0,0,0.8851976228,0
1,0,-168,130,0,0,0,0.05918065133,0
1,0,-130,29,0,0,0,0.6250121938,0
1,0,95,-3,0,0,0,2.132617602,0
1,0,46,-100,0,0,0,1.05759726,0
1,0,103,141,0,0,0,2.395701807,0
1,0,173,31,0,0,0,0.958234929,0
1,0,-92,-44,0,0,0,2.298714826,0
1,0,-87,48,0,0,0,0.5192487667,0
1,0,-173,35,0,0,0,1.084031415,0
1,0,-34,67,0,0,0,0.6542686217,0
1,0,-92,131,0,0,0,0.8263969888,0
1,0,-6,130,0,0,0,0.7389328123,0
1,0,146,16,0,0,0,0.4815771123,0
1,0,118,145,0,0,0,0.9838530281,0
1,0,152,-136,0,0,0,1.395906594,0
1,0,-114,-82,0,0,0,1.305044891,0
1,0,-46,-110,0,0,0,1.665009769,0
1,0,55,2,0,0,0,1.250706059,0
1,0,104,16,0,0,0,0.5716437083,0
1,0,95,-48,0,0,0,0.9349755939,0
1,0,98,-51,0,0,0,0.8772127988,0
1,0,-31,-153,0,0,0,0.1802628234,0
1,0,134,-103,0,0,0,1.827040145,0
1,0,92,-168,0,0,0,0.7327230491,0
1,0,123,107,0,0,0,2.731921332,0
1,0,176,153,0,0,0,0.02327823386,0
1,0,44,105,0,0,0,0.7608516568,0
1,0,-12,117,0,0,0,0.1181098401,0
1,0,-127,129,0,0,0,0.09927864123,0
1,0,-55,50,0,0,0,1.295659326,0
1,0,-77,151,0,0,0,0.9165108588,0
1,0,-22,-151,0,0,0,2.236097676,0
1,0,-146,116,0,0,0,0.2130649078,0
1,0,109,45,0,0,0,0.2798263612,0
1,0,97,-81,0,0,0,0.148371593,0
1,0,-1,-154,0,0,0,0.04569812202,0
1,0,81,157,0,0,0,2.475913603,0
1,0,56,180,0,0,0,0.2874462227,0
1,0,-98,-116,0,0,0,2.894927545,0
1,0,-68,8,0,0,0,0.4789410108,0
1,0,133,73,0,0,0,0.2781292351,0
1,0,39,35,0,0,0,0.6918127869,0
1,0,-74,-50,0,0,0,1.929492187,0
1,0,-80,-22,0,0,0,0.6764563319,0
1,0,43,-141,0,0,0,0.4366828741,0
1,0,156,72,0,0,0,0.5846051062,0
1,0,-91,-108,0,0,0,1.970468553,0
1,0,-49,106,0,0,0,0.3131478655,0
1,0,79,134,0,0,0,0.2085135851,0
1,0,72,71,0,0,0,0.1330047566,0
1,0,21,-117,0,0,0,0.02297164616,0
1,0,-42,-50,0,0,0,0.9571678076,0
1,0,-106,56,0,0,0,0.8054061493,0
1,0,123,-111,0,0,0,0.720664087,0
1,0,137,116,0,0,0,0.7767060617,0
1,0,88,-170,0,0,0,0.6941774833,0
1,0,46,16,0,0,0,0.8940785153,0
1,0,158,151,0,0,0,0.1155779946,0
1,0,177,85,0,0,0,0.1762965741,0
1,0,-59,157,0,0,0,0.5082238386,0
1,0,-139,56,0,0,0,0.387571752,0
1,0,122,-44,0,0,0,2.408353328,0
1,0,-115,5,0,0,0,1.121307031,0
1,0,69,-142,0,0,0,0.831860013,0
1,0,167,139,0,0,0,0.6268512895,0
1,0,-95,-38,0,0,0,1.654849873,0
1,0,-81,34,0,0,0,2.425501459,0
1,0,146,60,0,0,0,1.142037897,0
1,0,39,-73,0,0,0,1.079523169,0
1,0,-58,30,0,0,0,1.973186029,0
1,0,116,-140,0,0,0,0.2389211502,0
1,0,-137,-95,0,0,0,2.129837109,0
1,0,35,13,0,0,0,0.6816572497,0
1,0,5,-75,0,0,0,0.485192425,0
1,0,178,97,0,0,0,1.05856056,0
1,0,18,159,0,0,0,2.827246349,0
1,0,67,152,0,0,0,0.04299078674,0
1,0,86,93,0,0,0,1.067100269,0
1,0,-49,65,0,0,0,0.6366506997,0
1,0,-135,-92,0,0,0,0.2415015462,0
1,0,-113,57,0,0,0,0.0113846704,0
1,0,-116,-158,0,0,0,1.408647011,0
1,0,-158,150,0,0,0,0.3623982462,0
1,0,127,168,0,0,0,0.1544478748,0
1,0,40,53,0,0,0,0.5517204205,0
1,0,160,167,0,0,0,0.02221957879,0
1,0,94,-151,0,0,0,0.6004440402,0
1,0,131,159,0,0,0,2.788429935,0
1,0,138,151,0,0,0,0.7349795431,0
1,0,-14,105,0,0,0,2.052586113,0
1,0,24,-171,0,0,0,2.586835321,0
1,0,-171,-96,0,0,0,0.9694288582,0
1,0,65,56,0,0,0,0.2504393472,0
1,0,-45,12,0,0,0,0.2238391423,0
1,0,-103,-135,0,0,0,0.316974322,0
1,0,23,-94,0,0,0,0.339590151,0
1,0,171,-144,0,0,0,0.2266200422,0
1,0,-137,12,0,0,0,2.946999289,0
1,0,104,-153,0,0,0,1.253610917,0
1,0,160,94,0,0,0,0.9990747062,0
1,0,-18,-51,0,0,0,0.4449367127,0
1,0,32,-18,0,0,0,0.8896329178,0
1,0,151,-20,0,0,0,0.4583159181,0
1,0,63,140,0,0,0,0.1585894786,0
1,0,-75,-83,0,0,0,0.8615385634,0
1,0,-57,154,0,0,0,0.9941092125,0
1,0,17,-28,0,0,0,0.6968802233,0
1,0,-109,35,0,0,0,2.459052207,0
1,0,104,-150,0,0,0,2.605183934,0
1,0,166,91,0,0,0,1.551506771,0
1,0,-66,-38,0,0,0,0.434019635,0
1,0,-55,172,0,0,0,1.981578989,0
1,0,-72,49,0,0,0,0.2290299443,0
1,0,134,-9,0,0,0,0.1784107213,0
1,0,-123,148,0,0,0,1.434790309,0
1,0,-131,-21,0,0,0,0.9971570982,0
1,0,-46,-176,0,0,0,0.4752587236,0
1,0,-150,-132,0,0,0,0.1426598117,0
1,0,147,60,0,0,0,0.2202281654,0
1,0,103,44,0,0,0,0.7857862361,0
1,0,-90,36,0,0,0,0.886987102,0
1,0,64,-99,0,0,0,0.2015226099,0
1,0,39,148,0,0,0,0.2585990541,0
1,0,162,-73,0,0,0,2.519308385,0
1,0,28,-16,0,0,0,0.3552479613,0
1,0,130,169,0,0,0,0.315525609,0
1,0,89,-35,0,0,0,1.663768262,0
1,0,-129,-17,0,0,0,1.941279367,0
1,0,116,34,0,0,0,0.7284794766,0
1,0,78,115,0,0,0,0.07038090812,0
1,0,95,117,0,0,0,1.933425491,0
1,0,-126,3,0,0,0,2.452242852,0
1,0,126,99,0,0,0,0.3962097207,0
1,0,-46,-37,0,0,0,0.7528275427,0
1,0,-132,177,0,0,0,1.646593943,0
1,0,-164,110,0,0,0,0.7724551964,0
1,0,-149,71,0,0,0,0.860122632,0
1,0,27,-145,0,0,0,1.209804743,0
1,0,75,92,0,0,0,0.7871276757,0
1,0,-124,61,0,0,0,0.1438405044,0
1,0,179,-14,0,0,0,1.139344735,0
1,0,-160,-59,0,0,0,0.695267642,0
1,0,-110,132,0,0,0,1.556231362,0
1,0,133,102,0,0,0,0.8237467538,0
1,0,104,-126,0,0,0,0.3646176178,0
1,0,-156,79,0,0,0,1.410709778,0
1,0,15,-65,0,0,0,0.6372745255,0
1,0,66,-127,0,0,0,0.8258503422,0
1,0,-173,-100,0,0,0,0.3728392536,0
1,0,105,-39,0,0,0,2.402986777,0
1,0,-80,154,0,0,0,0.4273641668,0
1,0,-54,14,0,0,0,0.1335599464,0
1,0,-112,-89,0,0,0,0.02021901794,0
1,0,-164,8,0,0,0,1.036617673,0
1,0,-106,150,0,0,0,1.191678416,0
1,0,-99,-64,0,0,0,0.2093070957,0
1,0,-39,-150,0,0,0,0.5397915626,0
1,0,126,-131,0,0,0,0.4457082416,0
1,0,-30,-14,0,0,0,1.624691055,0
1,0,-98,-14,0,0,0,1.060367152,0
1,0,-159,-87,0,0,0,0.3056161604,0
1,0,-170,20,0,0,0,0.2669977924,0
1,0,-113,116,0,0,0,0.2360590418,0
1,0,131,67,0,0,0,0.01200255563,0
1,0,144,117,0,0,0,2.171509876,0
1,0,138,-102,0,0,0,2.641811652,0
1,0,-72,64,0,0,0,0.02014609244,0
1,0,140,-125,0,0,0,2.43139808,0
1,0,2,-90,0,0,0,1.618839111,0
1,0,-30,-175,0,0,0,2.272034045,0
1,0,-120,172,0,0,0,1.270753054,0
1,0,-157,-16,0,0,0,2.534416615,0
1,0,0,-68,0,0,0,0.7782306009,0
1,0,-49,-104,0,0,0,2.978647906,0
1,0,-21,-117,0,0,0,1.689841872,0
1,0,-68,-62,0,0,0,0.1884271275,0
1,0,83,-136,0,0,0,2.77518171,0
1,0,-59,5,0,0,0,0.353841744,0
1,0,167,-54,0,0,0,0.8247268104,0
1,0,-46,-42,0,0,0,0.7210920233,0
1,0,99,7,0,0,0,0.9892645127,0
1,0,-113,-87,0,0,0,1.448660646,0
1,0,7,-162,0,0,0,1.749920874,0
1,0,81,-174,0,0,0,1.374328494,0
1,0,154,-132,0,0,0,0.5026197124,0
1,0,-20,-29,0,0,0,1.999092345,0
1,0,-63,-115,0,0,0,2.892534352,0
1,0,-179,103,0,0,0,0.05445621368,0
1,0,152,-85,0,0,0,1.42742166,0
1,0,-73,120,0,0,0,1.891991308,0
1,0,-141,-44,0,0,0,1.51661449,0
1,0,103,107,0,0,0,0.8182040006,0
1,0,138,65,0,0,0,0.4674894249,0
1,0,-105,-111,0,0,0,1.595715241,0
1,0,-20,17,0,0,0,0.8798042494,0
1,0,115,-135,0,0,0,1.934108941,0
1,0,-40,-179,0,0,0,1.268864815,0
1,0,33,-104,0,0,0,0.6090237838,0
1,0,-100,-68,0,0,0,0.3775401164,0
1,0,-102,108,0,0,0,0.9982709205,0
1,0,-171,-97,0,0,0,0.08735006464,0
1,0,5,167,0,0,0,1.260693057,0
1,0,-97,-166,0,0,0,0.05814058828,0
1,0,-108,31,0,0,0,0.1521215562,0
1,0,35,-106,0,0,0,0.3105252193,0
1,0,-15,-1,0,0,0,0.4632507993,0
1,0,-32,-154,0,0,0,1.483750148,0
1,0,-121,115,0,0,0,1.419048555,0
1,0,160,37,0,0,0,0.5921954088,0
1,0,26,95,0,0,0,0.1378638261,0
1,0,74,-3,0,0,0,2.482352138,0
1,0,97,-17,0,0,0,1.680121389,0
1,0,-59,-140,0,0,0,0.5649381259,0
1,0,63,-84,0,0,0,0.9993268831,0
1,0,-55,-5,0,0,0,0.2496662508,0
1,0,96,88,0,0,0,1.155325157,0
1,0,57,169,0,0,0,0.3936590012,0
1,0,9,-124,0,0,0,0.5649317391,0
1,0,-149,-173,0,0,0,0.3532963582,0
1,0,173,-58,0,0,0,0.3769911637,0
1,0,99,162,0,0,0,0.134152145,0
1,0,21,-126,0,0,0,0.9785018054,0
1,0,-138,146,0,0,0,2.004672483,0
1,0,57,-150,0,0,0,0.1508241561,0
1,0,-127,-63,0,0,0,0.8027579283,0
1,0,-107,-107,0,0,0,0.9674158991,0
1,0,-35,138,0,0,0,1.161914279,0
1,0,-171,-17,0,0,0,0.3191882304,0
1,0,-105,132,0,0,0,0.7929560409,0
1,0,25,177,0,0,0,2.82955123,0
1,0,67,52,0,0,0,0.02280085743,0
1,0,-36,-29,0,0,0,1.37763469,0
1,0,154,-66,0,0,0,0.9479911583,0
1,0,149,170,0,0,0,0.2834788091,0
1,0,82,120,0,0,0,0.9394085382,0
1,0,49,5,0,0,0,0.2512025082,0
1,0,159,-119,0,0,0,1.298180832,0
1,0,101,-64,0,0,0,0.9454805633,0
1,0,-106,-66,0,0,0,1.328250453,0
1,0,-142,161,0,0,0,1.058930125,0
1,0,50,30,0,0,0,0.1509116613,0
1,0,-89,-162,0,0,0,0.7678142843,0
1,0,-67,-166,0,0,0,1.54108767,0
1,0,35,-171,0,0,0,0.2650996214,0
1,0,166,58,0,0,0,0.7585215408,0
1,0,135,-50,0,0,0,0.717347862,0
1,0,-117,41,0,0,0,2.285159189,0
1,0,65,-7,0,0,0,0.01076015017,0
1,0,-175,-157,0,0,0,0.6992770153,0
1,0,-73,109,0,0,0,0.5783270665,0
1,0,-69,94,0,0,0,0.5718825631,0
1,0,-109,160,0,0,0,0.9573731087,0
1,0,-86,-147,0,0,0,0.00592738589,0
1,0,46,77,0,0,0,1.92134749,0
1,0,39,-13,0,0,0,1.445996437,0
1,0,0,41,0,0,0,0.3946316364,0
1,0,52,172,0,0,0,0.9656902151,0
1,0,59,-97,0,0,0,2.97333637,0
1,0,98,-94,0,0,0,0.6236707308,0
1,0,131,-175,0,0,0,2.511569971,0
1,0,-167,-144,0,0,0,0.5942214811,0
1,0,-167,1,0,0,0,2.168669777,0
1,0,75,59,0,0,0,0.03814519835,0
1,0,-20,135,0,0,0,0.5099558644,0
1,0,-46,-72,0,0,0,0.3078481206,0
1,0,-74,99,0,0,0,2.448505137,0
1,0,-124,47,0,0,0,1.673537523,0
1,0,55,-68,0,0,0,0.9395839189,0
1,0,-175,-145,0,0,0,0.6008687008,0
1,0,5,63,0,0,0,0.432115263,0
1,0,83,-73,0,0,0,0.1015521693,0
1,0,26,-163,0,0,0,1.656080395,0
1,0,-69,-160,0,0,0,0.4219311284,0
1,0,175,-32,0,0,0,0.3931230502,0
1,0,20,135,0,0,0,2.597241378,0
1,0,-10,70,0,0,0,0.07792528454,0
1,0,83,173,0,0,0,0.421280736,0
1,0,112,26,0,0,0,0.630705568,0
1,0,-179,55,0,0,0,0.3087579468,0
1,0,142,-153,0,0,0,1.367107867,0
1,0,98,74,0,0,0,0.3944216927,0
1,0,169,111,0,0,0,0.7876901924,0
1,0,-77,110,0,0,0,0.08213146128,0
1,0,-142,-81,0,0,0,1.048548888,0
1,0,-4,68,0,0,0,0.6793383532,0
1,0,54,-129,0,0,0,1.730779576,0
1,0,-71,-43,0,0,0,0.9145375077,0
1,0,176,-133,0,0,0,2.968312346,0
1,0,39,-29,0,0,0,0.2760002376,0
1,0,-148,-19,0,0,0,1.849287366,0
1,0,67,164,0,0,0,1.94117989,0
1,0,-26,-139,0,0,0,1.709498167,0
1,0,-84,142,0,0,0,2.156457633,0
1,0,-117,-61,0,0,0,2.331069801,0
1,0,-165,-137,0,0,0,1.233869974,0
1,0,-5,110,0,0,0,0.0293354867,0
1,0,85,-146,0,0,0,1.284120743,0
1,0,-29,-180,0,0,0,0.04789611829,0
1,0,-137,108,0,0,0,0.6444097235,0
1,0,-26,63,0,0,0,0.8495188169,0
1,0,140,-38,0,0,0,1.42188809,0
1,0,69,-4,0,0,0,0.8158461785,0
1,0,-178,140,0,0,0,0.7411398285,0
1,0,34,15,0,0,0,0.6943733899,0
1,0,138,-61,0,0,0,0.6228932144,0
1,0,-82,-64,0,0,0,0.02338850417,0
1,0,55,-21,0,0,0,0.1979913859,0
1,0,139,117,0,0,0,0.9830057632,0
1,0,-130,-175,0,0,0,0.06643118458,0
1,0,-59,148,0,0,0,2.426736106,0
1,0,13,125,0,0,0,2.580516456,0
1,0,-109,72,0,0,0,0.7519684349,0
1,0,109,89,0,0,0,0.510182543,0
1,0,-169,119,0,0,0,0.700191212,0
1,0,123,166,0,0,0,0.3683667493,0
1,0,120,-46,0,0,0,0.8975544253,0
1,0,81,-167,0,0,0,0.7301103251,0
1,0,55,104,0,0,0,0.4142848604,0
1,0,-28,-55,0,0,0,0.931703462,0
1,0,-83,142,0,0,0,0.2299092685,0
1,0,-2,-47,0,0,0,0.9635113131,0
1,0,-92,-109,0,0,0,2.337429955,0
1,0,26,149,0,0,0,1.730718852,0
1,0,-125,-19,0,0,0,1.615396039,0
1,0,-114,0,0,0,0,0.3178610073,0
1,0,-113,-102,0,0,0,0.5797893534,0
1,0,160,-55,0,0,0,0.6597814662,0
1,0,26,8,0,0,0,2.718993272,0
1,0,-113,172,0,0,0,0.8013913218,0
1,0,127,40,0,0,0,0.1094133194,0
1,0,170,85,0,0,0,0.567393819,0
1,0,157,-109,0,0,0,0.5449965579,0
1,0,-112,142,0,0,0,0.1951049459,0
1,0,31,-173,0,0,0,1.685900965,0
1,0,92,16,0,0,0,0.3929585099,0
1,0,129,36,0,0,0,0.01828780724,0
1,0,-144,30,0,0,0,0.1268189035,0
1,0,16,168,0,0,0,0.3692549085,0
1,0,93,-165,0,0,0,1.801608794,0
1,0,-28,45,0,0,0,1.193162272,0
1,0,135,-163,0,0,0,1.863825478,0
1,0,120,16,0,0,0,0.5898578568,0
1,0,24,133,0,0,0,0.3142947723,0
1,0,-130,-65,0,0,0,2.545106028,0
1,0,-78,2,0,0,0,0.3248459999,0
1,0,43,110,0,0,0,0.3468271475,0
1,0,31,-173,0,0,0,0.46627251,0
1,0,87,7,0,0,0,0.9011462549,0
1,0,-172,-79,0,0,0,0.9923393442,0
1,0,19,71,0,0,0,0.8327748166,0
1,0,138,-117,0,0,0,2.203599329,0
1,0,59,170,0,0,0,0.7936909384,0
1,0,-177,60,0,0,0,0.7318449954,0
1,0,110,137,0,0,0,0.7787233661,0
1,0,-95,-17,0,0,0,0.388803182,0
1,0,60,116,0,0,0,0.2217477116,0
1,0,-42,-146,0,0,0,2.959935337,0
1,0,38,126,0,0,0,1.813937031,0
1,0,-123,-78,0,0,0,1.463047204,0
1,0,56,-145,0,0,0,0.04915779593,0
1,0,12,-151,0,0,0,1.604933852,0
1,0,156,32,0,0,0,0.06493888276,0
1,0,82,-150,0,0,0,0.157203891,0
1,0,-136,144,0,0,0,0.9579203442,0
1,0,-50,179,0,0,0,1.88166357,0
1,0,-64,-31,0,0,0,1.68561251,0
1,0,-111,62,0,0,0,0.9863771066,0
1,0,-164,-154,0,0,0,0.05799541126,0
1,0,-112,61,0,0,0,1.139241133,0
1,0,-20,82,0,0,0,0.5755252032,0
1,0,62,-58,0,0,0,0.596800664,0
1,0,-83,-2,0,0,0,2.11967594,0
1,0,131,-119,0,0,0,0.1031300779,0
1,0,-136,-108,0,0,0,2.28425314,0
1,0,41,-1,0,0,0,0.9753685989,0
1,0,56,-15,0,0,0,0.02658510237,0
1,0,-122,135,0,0,0,1.289619307,0
1,0,-153,-88,0,0,0,0.7689788564,0
1,0,-7,32,0,0,0,0.3736713695,0
1,0,-99,-35,0,0,0,2.303939344,0
1,0,-150,-115,0,0,0,1.259975921,0
1,0,-37,121,0,0,0,0.4225786554,0
1,0,83,95,0,0,0,1.107019193,0
1,0,36,108,0,0,0,1.83762593,0
1,0,-49,73,0,0,0,1.023423622,0
1,0,-90,-159,0,0,0,0.6776716535,0
1,0,-101,-2,0,0,0,0.5786082496,0
1,0,136,-138,0,0,0,0.06106427386,0
1,0,-14,132,0,0,0,0.406459876,0
1,0,127,147,0,0,0,0.9843315862,0
1,0,-113,100,0,0,0,0.6160212656,0
1,0,135,89,0,0,0,0.8133633112,0
1,0,-78,-126,0,0,0,0.1795418646,0
1,0,173,142,0,0,0,2.627986305,0
1,0,-96,-119,0,0,0,0.558900635,0
1,0,-58,174,0,0,0,0.7110805317,0
1,0,-131,-153,0,0,0,1.327093665,0
1,0,90,29,0,0,0,0.5650667874,0
1,0,-136,-99,0,0,0,0.623986318,0
1,0,-37,66,0,0,0,0.7748702776,0
1,0,85,-113,0,0,0,0.9714279234,0
1,0,-57,166,0,0,0,1.447370994,0
1,0,115,-141,0,0,0,0.891250409,0
1,0,152,34,0,0,0,0.752029617,0
1,0,34,178,0,0,0,0.3963177343,0
1,0,66,118,0,0,0,0.1669895017,0
1,0,103,15,0,0,0,2.405810384,0
1,0,166,-118,0,0,0,2.392733647,0
1,0,128,72,0,0,0,0.8551062302,0
1,0,114,133,0,0,0,1.389151498,0
1,0,38,-130,0,0,0,1.710808571,0
1,0,88,2,0,0,0,1.592462834,0
1,0,-50,-127,0,0,0,0.165623831,0
1,0,133,25,0,0,0,0.09533892964,0
1,0,123,-58,0,0,0,0.4647788682,0
1,0,122,171,0,0,0,0.5309993552,0
1,0,111,-142,0,0,0,0.03477774814,0
1,0,-166,134,0,0,0,0.4550841811,0
1,0,-40,156,0,0,0,0.5705257797,0
1,0,-50,-4,0,0,0,1.384384211,0
1,0,156,-56,0,0,0,0.6111691846,0
1,0,-162,-58,0,0,0,0.683060913,0
1,0,104,-135,0,0,0,0.07386211148,0
1,0,-160,-26,0,0,0,2.840600629,0
1,0,-180,14,0,0,0,1.617365291,0
1,0,97,49,0,0,0,1.890998884,0
1,0,24,77,0,0,0,0.4894538571,0
1,0,175,132,0,0,0,1.34150556,0
1,0,-77,-128,0,0,0,0.1257285473,0
1,0,21,-83,0,0,0,1.37245821,0
1,0,-97,24,0,0,0,0.2496924689,0
1,0,17,-29,0,0,0,1.559350992,0
1,0,121,103,0,0,0,2.932367957,0
1,0,-135,173,0,0,0,1.283761066,0
1,0,-10,-86,0,0,0,0.5574948454,0
1,0,-120,65,0,0,0,1.438558361,0
1,0,55,44,0,0,0,0.8168286854,0
1,0,-161,2,0,0,0,0.4124551487,0
1,0,156,176,0,0,0,0.67939477,0
1,0,66,-76,0,0,0,1.313270301,0
1,0,-104,-37,0,0,0,0.6065295013,0
1,0,-34,-71,0,0,0,2.644841176,0
1,0,-105,-48,0,0,0,0.05375771752,0
1,0,-136,88,0,0,0,0.01672244526,0
1,0,-24,5,0,0,0,0.7098908375,0
1,0,-173,-43,0,0,0,0.3937253696,0
1,0,131,154,0,0,0,2.162070762,0
1,0,145,-68,0,0,0,0.63512918,0
1,0,-41,66,0,0,0,0.5197259356,0
1,0,180,48,0,0,0,2.57930901,0
1,0,105,-86,0,0,0,0.7705722996,0
1,0,161,116,0,0,0,2.659402193,0
1,0,-34,-178,0,0,0,0.1062318307,0
1,0,-148,145,0,0,0,0.1953165937,0
1,0,86,136,0,0,0,0.3957662041,0
1,0,-8,76,0,0,0,1.337262538,0
1,0,137,-20,0,0,0,1.177818597,0
1,0,-94,14,0,0,0,1.343292245,0
1,0,76,95,0,0,0,0.8844922916,0
1,0,-22,-19,0,0,0,1.21898392,0
1,0,36,88,0,0,0,2.936520368,0
1,0,62,-23,0,0,0,0.3663775442,0
1,0,62,27,0,0,0,2.479815444,0
1,0,33,-90,0,0,0,2.096508323,0
1,0,-1,77,0,0,0,0.6626047837,0
1,0,-99,-63,0,0,0,0.4843009818,0
1,0,-98,-141,0,0,0,1.904596804,0
1,0,-59,-109,0,0,0,1.797712927,0
1,0,11,131,0,0,0,0.2265004788,0
1,0,13,43,0,0,0,1.994150341,0
1,0,-180,-18,0,0,0,0.4830986343,0
1,0,-89,146,0,0,0,0.538493697,0
1,0,80,118,0,0,0,0.1533107926,0
1,0,145,-87,0,0,0,0.7342904204,0
1,0,173,87,0,0,0,0.3118780489,0
1,0,-146,-44,0,0,0,0.7934275407,0
1,0,44,-155,0,0,0,0.1652592171,0
1,0,-77,125,0,0,0,0.4124309115,0
1,0,-35,-147,0,0,0,1.785488825,0
1,0,105,-124,0,0,0,1.127546889,0
1,0,172,32,0,0,0,0.7862343474,0
1,0,173,83,0,0,0,0.8216577891,0
1,0,89,-6,0,0,0,0.575455395,0
1,0,26,-21,0,0,0,0.2070354695,0
1,0,-175,-143,0,0,0,0.2982380982,0
1,0,151,162,0,0,0,0.2805371138,0
1,0,116,131,0,0,0,0.3886987253,0
1,0,140,144,0,0,0,2.707472176,0
1,0,23,-29,0,0,0,0.5536790952,0
1,0,-11,42,0,0,0,0.08170735583,0
1,0,-18,150,0,0,0,0.08363894813,0
1,0,-94,45,0,0,0,1.9693694,0
1,0,-131,-144,0,0,0,1.644667156,0
1,0,125,122,0,0,0,2.987810362,0
1,0,133,178,0,0,0,0.06392344119,0
1,0,-32,-172,0,0,0,1.951355609,0
1,0,-79,55,0,0,0,1.935575823,0
1,0,140,-85,0,0,0,0.202805922,0
1,0,80,134,0,0,0,1.286530654,0
1,0,96,37,0,0,0,1.323983263,0
1,0,63,68,0,0,0,0.5468223098,0
1,0,-137,-92,0,0,0,1.349619715,0
1,0,67,111,0,0,0,0.2306830251,0
1,0,17,-139,0,0,0,0.316138526,0
1,0,169,-31,0,0,0,0.2113268122,0
1,0,-19,109,0,0,0,0.2376300016,0
1,0,33,-58,0,0,0,0.9573476718,0
1,0,-145,-129,0,0,0,1.182415467,0
1,0,123,120,0,0,0,1.214881936,0
1,0,79,129,0,0,0,0.4466297556,0
1,0,-9,151,0,0,0,1.387355021,0
1,0,152,148,0,0,0,1.019606583,0
1,0,16,101,0,0,0,1.846658103,0
1,0,94,89,0,0,0,1.632660183,0
1,0,-107,-99,0,0,0,2.02858475,0
1,0,-35,-151,0,0,0,1.33020131,0
1,0,-146,96,0,0,0,1.165143256,0
1,0,-139,-15,0,0,0,0.7182024574,0
1,0,-142,1,0,0,0,0.6458656442,0
1,0,92,-41,0,0,0,0.644612146,0
1,0,-89,-141,0,0,0,0.7226785089,0
1,0,137,-135,0,0,0,1.726311913,0
1,0,17,91,0,0,0,0.3044199757,0
1,0,-5,-154,0,0,0,0.1158391601,0
1,0,75,14,0,0,0,1.082102601,0
1,0,19,134,0,0,0,0.3963792103,0
1,0,32,-163,0,0,0,1.62190112,0
1,0,-86,56,0,0,0,0.995358133,0
1,0,-111,91,0,0,0,0.3384128886,0
1,0,77,17,0,0,0,0.4063459925,0
1,0,40,-23,0,0,0,0.7102523615,0
1,0,13,161,0,0,0,1.224234912,0
1,0,105,168,0,0,0,1.391957282,0
1,0,66,122,0,0,0,0.2211382652,0
1,0,-73,-127,0,0,0,0.8350415698,0
1,0,97,-175,0,0,0,1.921475083,0
1,0,-56,9,0,0,0,0.7210409379,0
1,0,-140,153,0,0,0,2.064193703,0
1,0,-2,153,0,0,0,0.9814793829,0
1,0,-67,54,0,0,0,1.041154985,0
1,0,82,-151,0,0,0,0.9187356748,0
1,0,-4,-144,0,0,0,0.7330168082,0
1,0,-115,-97,0,0,0,0.768893833,0
1,0,-61,128,0,0,0,0.2038673495,0
1,0,64,66,0,0,0,0.4456342991,0
1,0,-109,124,0,0,0,0.2996026498,0
1,0,-59,-128,0,0,0,1.922062066,0
1,0,-115,-153,0,0,0,0.7523528329,0
1,0,-141,-60,0,0,0,1.050287893,0
1,0,72,-62,0,0,0,2.099487541,0
1,0,-26,-58,0,0,0,0.3251441033,0
1,0,108,-82,0,0,0,0.07750263086,0
1,0,-172,-89,0,0,0,0.5900845591,0
1,0,74,89,0,0,0,0.9183343879,0
1,0,-129,18,0,0,0,1.128159706,0
1,0,6,-89,0,0,0,0.8408351458,0
1,0,40,-140,0,0,0,1.230314732,0
1,0,-145,67,0,0,0,2.364907035,0
1,0,-83,-73,0,0,0,2.200976469,0
1,0,28,19,0,0,0,0.7581634738,0
1,0,120,163,0,0,0,1.443150164,0
1,0,-29,-36,0,0,0,0.004044497653,0
1,0,108,-43,0,0,0,0.2662476803,0
1,0,-20,77,0,0,0,0.6503684709,0
1,0,-39,-33,0,0,0,0.7226361563,0
1,0,-36,-135,0,0,0,1.609388036,0
1,0,143,153,0,0,0,0.8918213745,0
1,0,29,153,0,0,0,1.199629947,0
1,0,-179,-148,0,0,0,2.256109985,0
1,0,174,-50,0,0,0,1.233118158,0
1,0,157,-85,0,0,0,0.7304145265,0
1,0,168,-168,0,0,0,0.09939228439,0
1,0,179,50,0,0,0,1.147486876,0
1,0,48,97,0,0,0,0.547030982,0
1,0,63,-145,0,0,0,0.3783185573,0
1,0,-133,-110,0,0,0,0.6102841867,0
1,0,-57,-128,0,0,0,0.8992449315,0
1,0,50,-38,0,0,0,1.821472973,0
1,0,-38,18,0,0,0,2.354078813,0
1,0,119,120,0,0,0,0.2163352483,0
1,0,118,162,0,0,0,1.245888742,0
1,0,-112,149,0,0,0,1.129048499,0
1,0,-121,122,0,0,0,0.392667594,0
1,0,86,-100,0,0,0,0.678779039,0
1,0,-33,156,0,0,0,2.361356648,0
1,0,79,-165,0,0,0,2.106405224,0
1,0,-30,-104,0,0,0,0.3207869078,0
1,0,116,71,0,0,0,0.5165219884,0
1,0,47,12,0,0,0,0.2759154653,0
1,0,-180,7,0,0,0,0.4046390056,0
1,0,26,86,0,0,0,0.6089562898,0
1,0,-158,-73,0,0,0,1.970676473,0
1,0,107,14,0,0,0,0.2126520527,0
1,0,140,111,0,0,0,1.759391915,0
1,0,144,-98,0,0,0,0.5351656482,0
1,0,-87,146,0,0,0,1.367053265,0
1,0,37,107,0,0,0,0.3330062683,0
1,0,-16,-81,0,0,0,0.8160997134,0
1,0,60,-45,0,0,0,2.858667574,0
1,0,4,141,0,0,0,0.3008572153,0
1,0,-155,-14,0,0,0,0.4156095481,0
1,0,0,61,0,0,0,0.676747626,0
1,0,-86,77,0,0,0,2.241949252,0
1,0,129,126,0,0,0,1.298939061,0
1,0,-161,-40,0,0,0,1.131147878,0
1,0,-162,18,0,0,0,0.4698355921,0
1,0,-60,13,0,0,0,1.565000783,0
1,0,-109,-48,0,0,0,0.1151636725,0
1,0,149,35,0,0,0,0.7698640815,0
1,0,24,129,0,0,0,1.88565769,0
1,0,104,-70,0,0,0,0.9842571472,0
1,0,-67,8,0,0,0,0.4784587735,0
1,0,87,-37,0,0,0,1.363251189,0
1,0,148,107,0,0,0,1.533128841,0
1,0,-100,-26,0,0,0,0.2151358727,0
1,0,-70,35,0,0,0,1.844463377,0
1,0,-94,-158,0,0,0,2.977252332,0
1,0,-114,-133,0,0,0,1.554363488,0
1,0,4,-1,0,0,0,0.9986137166,0
1,0,-100,5,0,0,0,0.9532286662,0
1,0,-84,-69,0,0,0,0.6869722283,0
1,0,37,-70,0,0,0,1.844765871,0
1,0,-109,-121,0,0,0,1.917091745,0
1,0,-175,23,0,0,0,0.8529672578,0
1,0,-68,167,0,0,0,0.9586931543,0
1,0,-25,176,0,0,0,1.629747922,0
1,0,170,165,0,0,0,0.02190243769,0
1,0,-118,-49,0,0,0,0.1679436071,0
1,0,-103,-18,0,0,0,0.7074029001,0
1,0,164,-69,0,0,0,0.1211795477,0
1,0,20,-111,0,0,0,1.874446776,0
1,0,26,-30,0,0,0,1.374948036,0
1,0,-144,19,0,0,0,0.8419223354,0
1,0,-161,8,0,0,0,0.9218567916,0
1,0,-20,-168,0,0,0,0.5680456259,0
1,0,-117,-105,0,0,0,0.8996003995,0
1,0,135,-158,0,0,0,0.4371919436,0
1,0,92,121,0,0,0,1.645561823,0
1,0,-105,5,0,0,0,0.2980041477,0
1,0,-131,29,0,0,0,1.892337357,0
1,0,-20,3,0,0,0,0.1352778164,0
1,0,0,146,0,0,0,0.8287448859,0
1,0,-14,163,0,0,0,1.102206927,0
1,0,90,-161,0,0,0,0.5284876925,0
1,0,94,-106,0,0,0,0.6368854957,0
1,0,19,125,0,0,0,0.327152361,0
1,0,-69,109,0,0,0,0.9474353671,0
1,0,6,106,0,0,0,2.766645384,0
1,0,80,-127,0,0,0,0.1378577562,0
1,0,-153,52,0,0,0,2.726018214,0
1,0,63,-21,0,0,0,1.206300892,0
1,0,-80,-119,0,0,0,1.028987321,0
1,0,-95,-127,0,0,0,0.4383405915,0
1,0,165,7,0,0,0,0.2791270864,0
1,0,171,98,0,0,0,0.4999138994,0
1,0,142,-74,0,0,0,0.2465940422,0
1,0,-134,137,0,0,0,0.1816492789,0
1,0,-65,-122,0,0,0,0.7759596125,0
1,0,-8,100,0,0,0,1.012042882,0
1,0,19,-49,0,0,0,0.2505360035,0
1,0,172,156,0,0,0,1.859729934,0
1,0,-135,91,0,0,0,0.7305823731,0
1,0,-126,-18,0,0,0,0.3436446068,0
1,0,-124,-14,0,0,0,0.8997168486,0
1,0,104,-105,0,0,0,0.09958153632,0
1,0,118,-71,0,0,0,0.9823017932,0
1,0,134,-10,0,0,0,1.125780806,0
1,0,11,-114,0,0,0,1.791674342,0
1,0,-146,-86,0,0,0,0.5001195936,0
1,0,-51,-106,0,0,0,0.5459309729,0
1,0,80,-118,0,0,0,0.5858317215,0
1,0,-10,44,0,0,0,0.7063252417,0
1,0,-114,-158,0,0,0,0.3253804813,0
1,0,-123,111,0,0,0,2.609247677,0
1,0,-13,-140,0,0,0,1.901195504,0
1,0,89,-79,0,0,0,1.385015283,0
1,0,-136,171,0,0,0,1.965605208,0
1,0,174,-6,0,0,0,0.3946964239,0
1,0,-30,-19,0,0,0,0.323503196,0
1,0,-116,138,0,0,0,1.277620332,0
1,0,98,-83,0,0,0,0.1200606117,0
1,0,19,150,0,0,0,0.8658247414,0
1,0,68,-152,0,0,0,2.022173217,0
1,0,169,3,0,0,0,0.6596702612,0
1,0,-109,45,0,0,0,0.3063431546,0
1,0,155,-80,0,0,0,2.118990564,0
1,0,-126,-176,0,0,0,0.008013783261,0
1,0,-127,-130,0,0,0,1.250046341,0
1,0,68,-8,0,0,0,1.08240349,0
1,0,25,23,0,0,0,0.09694674076,0
1,0,11,-135,0,0,0,0.0405068946,0
1,0,150,-19,0,0,0,0.6384132749,0
1,0,-121,-173,0,0,0,1.438007622,0
1,0,87,23,0,0,0,0.385562613,0
1,0,109,93,0,0,0,1.095908612,0
1,0,-118,60,0,0,0,0.5852337328,0
1,0,149,114,0,0,0,1.318857178,0
1,0,137,147,0,0,0,1.076456518,0
1,0,-45,-153,0,0,0,0.877020132,0
1,0,-95,-18,0,0,0,0.8084522014,0
1,0,-37,89,0,0,0,0.3781959004,0
1,0,121,-126,0,0,0,1.291957042,0
1,0,35,-69,0,0,0,0.2434893126,0
1,0,-145,151,0,0,0,0.4287028716,0
1,0,-55,-149,0,0,0,0.3265370576,0
1,0,129,-155,0,0,0,1.583706416,0
1,0,117,-141,0,0,0,1.188851759,0
1,0,-168,-18,0,0,0,0.7588198578,0
1,0,28,167,0,0,0,1.968002128,0
1,0,-71,-97,0,0,0,1.170811696,0
1,0,37,-15,0,0,0,0.5533300867,0
1,0,56,-15,0,0,0,2.167695138,0
1,0,35,-57,0,0,0,0.522791708,0
1,0,59,-30,0,0,0,0.913560906,0
1,0,8,-45,0,0,0,0.3330813965,0
1,0,34,-175,0,0,0,0.6727407036,0
1,0,91,-159,0,0,0,1.617806596,0
1,0,34,67,0,0,0,1.979260883,0
1,0,173,77,0,0,0,1.480428955,0
1,0,-75,-137,0,0,0,0.815088155,0
1,0,-4,-170,0,0,0,0.2063867752,0
1,0,164,66,0,0,0,0.8334980144,0
1,0,-58,160,0,0,0,1.120721644,0
1,0,-123,-3,0,0,0,1.336179505,0
1,0,-49,155,0,0,0,0.6688054696,0
1,0,112,-82,0,0,0,0.06652444329,0
1,0,-176,69,0,0,0,1.354815621,0
1,0,-20,127,0,0,0,0.5988781374,0
1,0,26,-115,0,0,0,0.4293333864,0
1,0,-4,110,0,0,0,0.5278230323,0
1,0,11,-75,0,0,0,0.7786926845,0
1,0,139,-112,0,0,0,0.05807773638,0
1,0,-141,163,0,0,0,0.327653578,0
1,0,1,-166,0,0,0,0.04203484644,0
1,0,-157,-142,0,0,0,0.2820572888,0
1,0,174,116,0,0,0,1.350601535,0
1,0,-129,-89,0,0,0,0.9764212476,0
1,0,-121,-72,0,0,0,0.2898030802,0
1,0,47,136,0,0,0,0.8609731725,0
1,0,-70,148,0,0,0,0.9425498881,0
1,0,114,162,0,0,0,0.6558829255,0
1,0,-121,-1,0,0,0,0.2708502891,0
1,0,170,21,0,0,0,0.8791291628,0
1,0,134,92,0,0,0,0.2552789241,0
1,0,14,36,0,0,0,0.533272852,0
1,0,-67,-16,0,0,0,0.7978845797,0
1,0,-96,-18,0,0,0,0.4318857857,0
1,0,169,-58,0,0,0,0.5451393687,0
1,0,63,71,0,0,0,0.6939904425,0
1,0,121,-24,0,0,0,0.7432569235,0
1,0,9,-30,0,0,0,0.5548120532,0
1,0,-95,24,0,0,0,0.04788253921,0
1,0,93,74,0,0,0,0.8004309141,0
1,0,-68,99,0,0,0,2.080719504,0
1,0,166,-117,0,0,0,1.663948596,0
1,0,-163,-158,0,0,0,0.1289136999,0
1,0,11,97,0,0,0,0.5265876323,0
1,0,5,-30,0,0,0,1.449895917,0
1,0,-159,-14,0,0,0,0.04874121824,0
1,0,-65,95,0,0,0,1.470276202,0
1,0,41,58,0,0,0,0.5197016985,0
1,0,90,-44,0,0,0,0.5827427897,0
1,0,-113,95,0,0,0,1.919928561,0
1,0,-142,-103,0,0,0,0.1392507275,0
1,0,-153,99,0,0,0,0.5742350539,0
1,0,-77,-55,0,0,0,0.6404178981,0
1,0,-73,-137,0,0,0,0.05490126198,0
1,0,-140,-117,0,0,0,0.7476040631,0
1,0,-171,-1,0,0,0,1.35842489,0
1,0,107,-59,0,0,0,0.8140579136,0
1,0,-41,-155,0,0,0,1.41382411,0
1,0,-65,-152,0,0,0,0.467077792,0
1,0,-130,-71,0,0,0,0.6679320437,0
1,0,-65,36,0,0,0,0.602900306,0
1,0,161,-30,0,0,0,0.754150129,0
1,0,32,-175,0,0,0,0.1976825712,0
1,0,-131,-52,0,0,0,0.5788042481,0
1,0,-3,-138,0,0,0,0.07300553391,0
1,0,-125,180,0,0,0,1.901520268,0
1,0,112,-155,0,0,0,0.970802914,0
1,0,-32,-147,0,0,0,1.7868026,0
1,0,-98,53,0,0,0,0.1151736882,0
1,0,87,177,0,0,0,2.353337898,0
1,0,127,-78,0,0,0,0.9518510074,0
1,0,-63,46,0,0,0,1.228654119,0
1,0,-168,41,0,0,0,0.5895444725,0
1,0,-90,18,0,0,0,0.8635880534,0
1,0,156,173,0,0,0,0.4616853748,0
1,0,-73,-89,0,0,0,0.157981421,0
1,0,-42,-114,0,0,0,0.03812742161,0
1,0,138,116,0,0,0,0.3670658631,0
1,0,34,-165,0,0,0,0.4727423348,0
1,0,-50,6,0,0,0,0.1459916708,0
1,0,-36,-12,0,0,0,0.1369131455,0
1,0,-91,-29,0,0,0,0.0005214873079,0
1,0,50,-38,0,0,0,0.8236599037,0
1,0,100,35,0,0,0,0.2154208681,0
1,0,-110,-134,0,0,0,1.609235249,0
1,0,-144,1,0,0,0,0.2553336587,0
1,0,73,-141,0,0,0,2.895397838,0
1,0,-91,73,0,0,0,0.4439519133,0
1,0,103,53,0,0,0,0.1768273366,0
1,0,40,-7,0,0,0,1.163707052,0
1,0,-81,53,0,0,0,0.2067729827,0
1,0,-38,-58,0,0,0,2.488634487,0
1,0,-21,-154,0,0,0,0.4856321285,0
1,0,95,-118,0,0,0,0.5875437497,0
1,0,148,-144,0,0,0,1.654445854,0
1,0,-6,176,0,0,0,1.871244664,0
1,0,79,-14,0,0,0,0.9221519283,0
1,0,-82,-175,0,0,0,0.5286471319,0
1,0,-21,93,0,0,0,0.7545856459,0
1,0,111,99,0,0,0,0.6334542668,0
1,0,-121,178,0,0,0,0.8566273259,0
1,0,99,-2,0,0,0,1.350021119,0
1,0,109,174,0,0,0,0.1112192646,0
1,0,103,-115,0,0,0,0.07541221432,0
1,0,138,2,0,0,0,0.253913165,0
1,0,-146,26,0,0,0,1.53476738,0
1,0,90,-121,0,0,0,0.8689176932,0
1,0,6,68,0,0,0,0.4569158019,0
1,0,87,-63,0,0,0,1.102523735,0
1,0,-106,-90,0,0,0,0.7926314455,0
1,0,44,-5,0,0,0,0.6497455427,0
1,0,22,21,0,0,0,0.07317414323,0
1,0,156,-108,0,0,0,1.996855437,0
1,0,77,110,0,0,0,1.593671885,0
1,0,37,-83,0,0,0,0.4397844063,0
1,0,65,23,0,0,0,0.5995784385,0
1,0,-148,88,0,0,0,0.9196882322,0
1,0,131,-3,0,0,0,0.7090358989,0
1,0,50,-150,0,0,0,0.04028556959,0
1,0,34,52,0,0,0,0.4760596939,0
1,0,133,156,0,0,0,1.162581969,0
1,0,65,56,0,0,0,2.50645774,0
1,0,-37,-169,0,0,0,0.4477972849,0
1,0,-129,142,0,0,0,2.839583414,0
1,0,-120,-113,0,0,0,0.9684466725,0
1,0,-98,-91,0,0,0,0.06004779366,0
1,0,-167,-51,0,0,0,0.01206316864,0
1,0,102,-111,0,0,0,0.4457242838,0
1,0,101,163,0,0,0,1.142723578,0
1,0,152,84,0,0,0,0.62916445,0
1,0,66,-120,0,0,0,1.053026877,0
1,0,-140,-129,0,0,0,0.5070018864,0
1,0,-102,-175,0,0,0,0.6109486696,0
1,0,16,-82,0,0,0,0.7755958313,0
1,0,42,165,0,0,0,0.8285048951,0
1,0,139,29,0,0,0,1.845504597,0
1,0,178,12,0,0,0,0.3445216985,0
1,0,142,109,0,0,0,0.2444649127,0
1,0,-95,78,0,0,0,0.1493874043,0
1,0,-155,-120,0,0,0,0.3946644465,0
1,0,-45,-62,0,0,0,1.743739506,0
1,0,153,-49,0,0,0,0.9324051979,0
1,0,77,9,0,0,0,0.6487135096,0
1,0,35,180,0,0,0,0.5931083061,0
1,0,149,-158,0,0,0,2.491536127,0
1,0,169,52,0,0,0,1.577446259,0
1,0,-156,171,0,0,0,0.4689258348,0
1,0,131,-137,0,0,0,0.7597114606,0
1,0,59,117,0,0,0,0.6649293969,0
1,0,86,-133,0,0,0,0.532470395,0
1,0,-117,-103,0,0,0,1.560719613,0
1,0,-25,-117,0,0,0,0.3755442147,0
1,0,-127,-169,0,0,0,0.8473850904,0
1,0,158,104,0,0,0,1.636780108,0
1,0,111,-147,0,0,0,0.4179322932,0
1,0,-147,-115,0,0,0,2.848182557,0
1,0,-25,86,0,0,0,0.9023195768,0
1,0,83,-48,0,0,0,2.121928426,0
1,0,-71,85,0,0,0,1.788357219,0
1,0,-105,-5,0,0,0,2.234713318,0
1,0,66,-122,0,0,0,1.986926736,0
1,0,61,119,0,0,0,1.214737397,0
1,0,-168,117,0,0,0,0.5338103329,0
1,0,-108,45,0,0,0,0.6072000974,0
1,0,96,87,0,0,0,1.255123786,0
1,0,21,-62,0,0,0,1.695998789,0
1,0,-174,-173,0,0,0,0.5548001421,0
1,0,-119,60,0,0,0,0.8916356364,0
1,0,-123,-157,0,0,0,2.860861034,0
1,0,-85,-51,0,0,0,1.033138421,0
1,0,-28,-95,0,0,0,1.547402657,0
1,0,148,-166,0,0,0,0.802677905,0
1,0,-3,113,0,0,0,0.6771999103,0
1,0,81,30,0,0,0,0.1609926898,0
1,0,99,165,0,0,0,0.1317503727,0
1,0,161,30,0,0,0,1.174614331,0
1,0,32,-110,0,0,0,0.8592963164,0
1,0,-70,63,0,0,0,1.699833612,0
1,0,115,-51,0,0,0,2.639029481,0
1,0,137,100,0,0,0,0.8533790469,0
1,0,73,1,0,0,0,0.1193324046,0
1,0,-146,-82,0,0,0,0.2994307078,0
1,0,144,107,0,0,0,0.8864005786,0
1,0,165,55,0,0,0,0.1197369583,0
1,0,180,-168,0,0,0,0.03538655671,0
1,0,-169,130,0,0,0,0.2006477234,0
1,0,45,-152,0,0,0,0.197078486,0
1,0,98,136,0,0,0,1.174508107,0
1,0,180,-147,0,0,0,1.788153545,0
1,0,-6,136,0,0,0,1.565838009,0
1,0,-32,-131,0,0,0,0.8725268194,0
1,0,171,156,0,0,0,0.1523676544,0
1,0,133,77,0,0,0,1.406593388,0
1,0,-4,134,0,0,0,0.7039885885,0
1,0,-148,96,0,0,0,0.5033014133,0
1,0,-152,-154,0,0,0,0.4847414918,0
1,0,135,11,0,0,0,2.337479742,0
1,0,170,146,0,0,0,0.06892880418,0
1,0,0,58,0,0,0,0.6949174859,0
1,0,137,174,0,0,0,0.6204981894,0
1,0,-47,4,0,0,0,0.9945516303,0
1,0,-168,66,0,0,0,1.281952433,0
1,0,-52,-26,0,0,0,0.989397589,0
1,0,-46,49,0,0,0,0.13260729,0
1,0,138,-106,0,0,0,1.317523659,0
1,0,172,-159,0,0,0,0.6945524408,0
1,0,-112,164,0,0,0,1.880632234,0
1,0,140,164,0,0,0,2.774712719,0
1,0,80,178,0,0,0,2.617044917,0
1,0,84,79,0,0,0,0.4695148501,0
1,0,-28,-35,0,0,0,1.817640334,0
1,0,132,-128,0,0,0,1.050836404,0
1,0,26,142,0,0,0,1.882814181,0
1,0,-104,102,0,0,0,0.1191967661,0
1,0,147,-136,0,0,0,2.983948411,0
1,0,86,43,0,0,0,1.048818425,0
1,0,-105,62,0,0,0,0.1632212689,0
1,0,7,-168,0,0,0,1.063317343,0
1,0,-63,127,0,0,0,1.145399631,0
1,0,-14,-15,0,0,0,0.2713413713,0
1,0,-73,-14,0,0,0,1.417549521,0
1,0,-167,-81,0,0,0,0.7327196778,0
1,0,165,-161,0,0,0,1.318006262,0
1,0,58,-120,0,0,0,0.8269795756,0
1,0,68,-15,0,0,0,0.3372630967,0
1,0,-118,-176,0,0,0,1.076252337,0
1,0,-106,25,0,0,0,0.925873336,0
1,0,41,-25,0,0,0,1.748428703,0
1,0,-37,-118,0,0,0,0.2621292419,0
1,0,148,-48,0,0,0,0.9564890584,0
1,0,-131,-4,0,0,0,0.6290722248,0
1,0,-147,-158,0,0,0,0.9164077286,0
1,0,26,-64,0,0,0,0.4927830628,0
1,0,-16,21,0,0,0,1.128418973,0
1,0,-148,152,0,0,0,0.1531567741,0
1,0,80,-97,0,0,0,1.769375293,0
1,0,-48,51,0,0,0,0.1863532529,0
1,0,128,121,0,0,0,1.690538879,0
1,0,168,-78,0,0,0,0.507909065,0
1,0,-16,-75,0,0,0,1.695567231,0
1,0,63,141,0,0,0,2.419399974,0
1,0,176,-178,0,0,0,0.2360283626,0
1,0,4,127,0,0,0,0.1720737448,0
1,0,150,-100,0,0,0,1.270247675,0
1,0,169,106,0,0,0,0.5076829805,0
1,0,-106,-167,0,0,0,0.8642795419,0
1,0,-80,12,0,0,0,0.1635978815,0
1,0,-12,90,0,0,0,2.722238695,0
1,0,-36,156,0,0,0,1.141951895,0
1,0,77,-81,0,0,0,2.35669382,0
1,0,-57,-63,0,0,0,0.9202685978,0
1,0,-50,105,0,0,0,0.3775553505,0
1,0,-14,-21,0,0,0,1.449830729,0
1,0,-166,-179,0,0,0,1.921575582,0
1,0,-107,-33,0,0,0,0.6202263789,0
1,0,112,45,0,0,0,0.9235163559,0
1,0,-140,159,0,0,0,0.6061672067,0
1,0,175,165,0,0,0,2.87029225,0
1,0,-27,44,0,0,0,0.8519385363,0
1,0,6,45,0,0,0,0.7155922089,0
1,0,-46,-96,0,0,0,0.831062789,0
1,0,-166,-75,0,0,0,2.957873559,0
1,0,66,144,0,0,0,1.107397359,0
1,0,-134,-176,0,0,0,0.2554214938,0
1,0,77,-89,0,0,0,0.3456018051,0
1,0,64,-50,0,0,0,0.2570606316,0
1,0,146,-55,0,0,0,0.1282301009,0
1,0,166,-90,0,0,0,0.2472578709,0
1,0,-9,-135,0,0,0,0.9636619512,0
1,0,81,-85,0,0,0,2.306468415,0
1,0,-141,113,0,0,0,0.1380995699,0
1,0,58,-121,0,0,0,0.1345412557,0
1,0,95,-17,0,0,0,1.211793225,0
1,0,124,93,0,0,0,0.7280197153,0
1,0,-61,-139,0,0,0,0.04996391785,0
1,0,67,144,0,0,0,1.173247391,0
1,0,150,68,0,0,0,0.8246500704,0
1,0,-93,57,0,0,0,1.276504475,0
1,0,96,79,0,0,0,0.7976675207,0
1,0,179,-170,0,0,0,0.2045148559,0
1,0,59,166,0,0,0,0.9635804021,0
1,0,102,-88,0,0,0,0.6504395907,0
1,0,155,-111,0,0,0,1.771469363,0
1,0,-169,174,0,0,0,1.002616976,0
1,0,53,111,0,0,0,0.9730221564,0
1,0,-99,2,0,0,0,1.12785787,0
1,0,-154,69,0,0,0,0.3381644233,0
1,0,92,-167,0,0,0,1.497829819,0
1,0,70,-154,0,0,0,1.250071983,0
1,0,28,-129,0,0,0,1.493275129,0
1,0,53,51,0,0,0,0.03117824469,0
1,0,38,78,0,0,0,1.757169733,0
1,0,44,56,0,0,0,2.152746087,0
1,0,-43,119,0,0,0,0.5730205952,0
1,0,136,-178,0,0,0,0.2148691125,0
1,0,-116,-69,0,0,0,0.1702657401,0
1,0,-177,132,0,0,0,2.479076043,0
1,0,-10,33,0,0,0,1.271697981,0
1,0,110,70,0,0,0,1.838015316,0
1,0,131,89,0,0,0,0.06150603406,0
1,0,-42,164,0,0,0,0.2595721988,0
1,0,94,70,0,0,0,0.8764011097,0
1,0,-78,-96,0,0,0,0.6728468044,0
1,0,154,59,0,0,0,1.04995231,0
1,0,124,65,0,0,0,1.737504224,0
1,0,46,179,0,0,0,2.011057746,0
1,0,10,-33,0,0,0,0.02414358483,0
1,0,-88,96,0,0,0,0.3557995605,0
1,0,-176,159,0,0,0,1.170799962,0
1,0,167,-7,0,0,0,0.02083931685,0
1,0,88,-85,0,0,0,0.7955197687,0
1,0,34,-113,0,0,0,1.310563582,0
1,0,-10,-119,0,0,0,0.7378128551,0
1,0,-145,-8,0,0,0,0.1411671046,0
1,0,-85,134,0,0,0,0.01351301889,0
1,0,-162,-15,0,0,0,1.440930139,0
1,0,36,13,0,0,0,1.838872157,0
1,0,68,0,0,0,0,2.558734564,0
1,0,-29,-73,0,0,0,1.93329864,0
1,0,74,-109,0,0,0,1.837045346,0
1,0,105,-149,0,0,0,2.099409801,0
1,0,-125,-106,0,0,0,0.8927171187,0
1,0,-170,-20,0,0,0,1.654091907,0
1,0,-85,-67,0,0,0,2.133441837,0
1,0,52,37,0,0,0,1.388745458,0
1,0,-45,-67,0,0,0,0.08169456015,0
1,0,-171,117,0,0,0,0.4102060323,0
1,0,-101,127,0,0,0,2.64161501,0
1,0,-6,-81,0,0,0,1.63419056,0
1,0,-103,39,0,0,0,1.240009426,0
1,0,-98,131,0,0,0,0.8007623707,0
1,0,-71,-140,0,0,0,0.2083379042,0
1,0,-145,-49,0,0,0,0.08165435798,0
1,0,124,-48,0,0,0,2.947154336,0
1,0,61,-158,0,0,0,0.4666315639,0
1,0,116,97,0,0,0,1.647140444,0
1,0,-130,29,0,0,0,1.045842758,0
1,0,-175,51,0,0,0,0.2713255924,0
1,0,-107,-124,0,0,0,0.9184348611,0
1,0,-87,-139,0,0,0,0.3083050535,0
1,0,155,-74,0,0,0,2.569418958,0
1,0,-113,107,0,0,0,1.499852114,0
1,0,-32,-16,0,0,0,0.2991309578,0
1,0,-11,-43,0,0,0,0.485875959,0
1,0,123,49,0,0,0,0.5354395734,0
1,0,122,64,0,0,0,1.082927919,0
1,0,111,76,0,0,0,0.2237970916,0
1,0,167,-65,0,0,0,1.401863981,0
1,0,-19,-144,0,0,0,0.01166201341,0
1,0,-46,16,0,0,0,0.3825204649,0
1,0,18,-119,0,0,0,0.6293130338,0
1,0,-157,158,0,0,0,1.537043625,0
1,0,-168,80,0,0,0,2.497742607,0
1,0,137,63,0,0,0,0.7539245646,0
1,0,66,170,0,0,0,0.6213667773,0
1,0,-106,-98,0,0,0,2.432264639,0
1,0,80,26,0,0,0,1.349655418,0
1,0,-106,-140,0,0,0,1.054828414,0
1,0,120,64,0,0,0,1.598939572,0
1,0,-127,-74,0,0,0,0.6095145094,0
1,0,85,-120,0,0,0,2.396869398,0
1,0,-147,61,0,0,0,0.9038142426,0
1,0,-161,7,0,0,0,0.4812013331,0
1,0,102,-166,0,0,0,0.4562417722,0
1,0,141,-19,0,0,0,0.3765716916,0
1,0,63,34,0,0,0,0.7541522892,0
1,0,-137,135,0,0,0,1.220821471,0
1,0,180,172,0,0,0,0.0208296322,0
1,0,-53,175,0,0,0,0.9253227105,0
1,0,-155,114,0,0,0,0.9490074425,0
1,0,-109,46,0,0,0,1.240392413,0
1,0,-96,-94,0,0,0,1.16001551,0
1,0,-123,30,0,0,0,1.379026155,0
1,0,128,118,0,0,0,0.4408258113,0
1,0,-94,-60,0,0,0,2.004200169,0
1,0,20,-131,0,0,0,0.9743657281,0
1,0,76,77,0,0,0,1.444240057,0
1,0,117,-20,0,0,0,0.7658213892,0
1,0,145,-13,0,0,0,1.549079444,0
1,0,-23,149,0,0,0,0.0903820991,0
1,0,98,-178,0,0,0,0.1384110449,0
1,0,121,114,0,0,0,1.905951795,0
1,0,169,52,0,0,0,2.471714209,0
1,0,-167,-43,0,0,0,0.4626184752,0
1,0,-170,60,0,0,0,0.2944551915,0
1,0,12,149,0,0,0,0.7305913162,0
1,0,25,17,0,0,0,0.9411747443,0
1,0,-18,-50,0,0,0,0.3459399965,0
1,0,-72,81,0,0,0,0.1474880529,0
1,0,-51,86,0,0,0,1.238425542,0
1,0,-12,143,0,0,0,0.967279668,0
1,0,-116,29,0,0,0,0.5276219052,0
1,0,170,-165,0,0,0,0.3840973187,0
1,0,33,-115,0,0,0,1.537510712,0
1,0,112,-118,0,0,0,0.756715653,0
1,0,-90,91,0,0,0,0.7115619467,0
1,0,174,-66,0,0,0,0.8858783414,0
1,0,-121,-116,0,0,0,1.381454239,0
1,0,21,106,0,0,0,0.4125637291,0
1,0,-32,-120,0,0,0,1.437144054,0
1,0,180,41,0,0,0,0.214675517,0
1,0,9,-24,0,0,0,2.771416983,0
1,0,51,123,0,0,0,0.5197185775,0
1,0,-94,160,0,0,0,0.2204372913,0
1,0,-179,71,0,0,0,1.047352849,0
1,0,-105,-14,0,0,0,0.3060373367,0
1,0,64,179,0,0,0,0.8206420728,0
1,0,4,10,0,0,0,0.8464718172,0
1,0,44,154,0,0,0,0.9241897099,0
1,0,48,-134,0,0,0,0.6012016678,0
1,0,48,171,0,0,0,0.3090843566,0
1,0,73,69,0,0,0,0.2386852787,0
1,0,151,27,0,0,0,2.994398666,0
1,0,-92,-122,0,0,0,0.5124022887,0
1,0,-34,25,0,0,0,2.950773387,0
1,0,-19,-20,0,0,0,0.5534862463,0
1,0,-60,-89,0,0,0,0.3234639376,0
1,0,-24,-60,0,0,0,1.330208409,0
1,0,66,-30,0,0,0,1.524051975,0
1,0,23,133,0,0,0,0.1997884927,0
1,0,38,-1,0,0,0,1.332374994,0
1,0,-18,-109,0,0,0,2.315616513,0
1,0,141,82,0,0,0,0.4765984578,0
1,0,-6,96,0,0,0,0.4132883621,0
1,0,-78,84,0,0,0,0.01788099154,0
1,0,-102,-103,0,0,0,0.09380146915,0
1,0,-119,1,0,0,0,0.5058916458,0
1,0,-131,-17,0,0,0,1.571658695,0
1,0,-8,5,0,0,0,0.9965440867,0
1,0,-158,-149,0,0,0,0.4977125116,0
1,0,31,-94,0,0,0,2.221658232,0
1,0,98,84,0,0,0,0.3801999462,0
1,0,175,-35,0,0,0,1.177194988,0
1,0,-66,-175,0,0,0,0.3109163748,0
1,0,87,74,0,0,0,0.6041089753,0
1,0,82,-59,0,0,0,0.6759343567,0
1,0,121,118,0,0,0,1.683762789,0
1,0,-91,-96,0,0,0,1.197981051,0
1,0,-147,-129,0,0,0,0.1488638426,0
1,0,-180,39,0,0,0,0.9163502244,0
1,0,39,-145,0,0,0,1.919690321,0
1,0,159,166,0,0,0,2.077184898,0
1,0,161,-124,0,0,0,0.7686880194,0
1,0,-98,-77,0,0,0,0.224327577,0
1,0,19,173,0,0,0,0.3890111331,0
1,0,54,-40,0,0,0,0.293959934,0
1,0,-156,62,0,0,0,0.5188457023,0
1,0,116,30,0,0,0,2.671106866,0
1,0,64,-34,0,0,0,1.145001532,0
1,0,32,124,0,0,0,0.7492763345,0
1,0,-14,1,0,0,0,0.8701224746,0
1,0,-125,23,0,0,0,1.666656168,0
1,0,9,-20,0,0,0,0.2568767242,0
1,0,-78,41,0,0,0,0.3120203776,0
1,0,-24,10,0,0,0,1.0841423,0
1,0,-144,-151,0,0,0,1.381676328,0
1,0,-114,-130,0,0,0,0.9969542302,0
1,0,-15,-87,0,0,0,0.9724870383,0
1,0,65,162,0,0,0,1.978365936,0
1,0,64,-165,0,0,0,0.2464712483,0
1,0,19,60,0,0,0,1.363827082,0
1,0,118,-52,0,0,0,2.332976786,0
1,0,-38,144,0,0,0,0.3688655237,0
1,0,-87,159,0,0,0,0.3013194949,0
1,0,-13,-161,0,0,0,1.056735587,0
1,0,-43,98,0,0,0,0.8719117183,0
1,0,122,-30,0,0,0,1.457628569,0
1,0,51,128,0,0,0,0.4272340921,0
1,0,28,152,0,0,0,0.8270585782,0
1,0,-30,20,0,0,0,0.06051914252,0
1,0,176,138,0,0,0,1.924311838,0
1,0,-102,-142,0,0,0,0.2288488132,0
1,0,-55,79,0,0,0,1.822572089,0
1,0,-139,-18,0,0,0,1.73832499,0
1,0,174,-114,0,0,0,1.582603739,0
1,0,52,134,0,0,0,0.529605457,0
1,0,-14,13,0,0,0,0.202312952,0
1,0,-14,114,0,0,0,2.427524208,0
1,0,-121,-119,0,0,0,0.1514822139,0
1,0,81,103,0,0,0,2.229324415,0
1,0,-32,115,0,0,0,0.7655653,0
1,0,-142,13,0,0,0,0.6805971008,0
1,0,-15,-24,0,0,0,0.8126882345,0
1,0,37,27,0,0,0,0.8835568585,0
1,0,77,-58,0,0,0,0.1985861609,0
1,0,-117,-159,0,0,0,0.5158758937,0
1,0,44,-118,0,0,0,2.839274121,0
1,0,-156,-98,0,0,0,0.6531837767,0
1,0,-46,-88,0,0,0,0.8531321532,0
1,0,-171,-90,0,0,0,0.4506540009,0
1,0,85,15,0,0,0,0.2291333021,0
1,0,-22,-144,0,0,0,0.4341693383,0
1,0,137,-34,0,0,0,0.704463399,0
1,0,99,-80,0,0,0,1.400310128,0
1,0,142,175,0,0,0,1.179595801,0
1,0,-11,21,0,0,0,1.185006619,0
1,0,154,133,0,0,0,1.699724808,0
1,0,62,155,0,0,0,0.3656907992,0
1,0,66,-144,0,0,0,0.06574604929,0
1,0,107,12,0,0,0,0.3805590128,0
1,0,-11,-32,0,0,0,0.05520229935,0
1,0,14,-107,0,0,0,1.246810416,0
1,0,-25,103,0,0,0,0.6811910006,0
1,0,53,-56,0,0,0,0.7655883404,0
1,0,26,34,0,0,0,0.8480110592,0
1,0,-155,-174,0,0,0,0.4340797235,0
1,0,72,168,0,0,0,0.2793219781,0
1,0,150,83,0,0,0,0.1421577554,0
1,0,46,-98,0,0,0,0.4188357475,0
1,0,-98,-162,0,0,0,0.5614889065,0
1,0,57,49,0,0,0,1.712714447,0
1,0,-57,117,0,0,0,2.576295328,0
1,0,-94,-32,0,0,0,0.3540131192,0
1,0,134,57,0,0,0,1.636964316,0
1,0,-83,112,0,0,0,1.814312572,0
1,0,-160,-96,0,0,0,0.221602112,0
1,0,175,8,0,0,0,1.364200425,0
1,0,6,66,0,0,0,2.392556984,0
1,0,-90,91,0,0,0,0.9218210537,0
1,0,118,165,0,0,0,1.654902431,0
1,0,98,-31,0,0,0,0.01929687739,0
1,0,-65,117,0,0,0,1.885188459,0
1,0,115,175,0,0,0,1.773875992,0
1,0,-128,-150,0,0,0,0.619109695,0
1,0,-63,8,0,0,0,0.8940482774,0
1,0,-23,108,0,0,0,0.6553096057,0
1,0,-142,76,0,0,0,2.092928817,0
1,0,50,85,0,0,0,0.04183777456,0
1,0,10,111,0,0,0,0.6963773025,0
1,0,-12,-75,0,0,0,1.351115055,0
1,0,178,76,0,0,0,0.4970190298,0
1,0,-3,17,0,0,0,0.2298535542,0
1,0,-163,-109,0,0,0,1.935225976,0
1,0,-171,-168,0,0,0,2.91626926,0
1,0,97,-114,0,0,0,0.9983494705,0
1,0,-148,-21,0,0,0,0.9356021967,0
1,0,77,75,0,0,0,0.3630402209,0
1,0,-46,140,0,0,0,2.552029522,0
1,0,82,121,0,0,0,1.396840329,0
1,0,101,-141,0,0,0,1.784559724,0
1,0,12,3,0,0,0,1.391903302,0
1,0,48,-159,0,0,0,0.6118871037,0
1,0,-78,-139,0,0,0,0.09035795774,0
1,0,-66,90,0,0,0,0.7731237744,0
1,0,-116,-175,0,0,0,0.3456115077,0
1,0,-24,104,0,0,0,1.021570176,0
1,0,67,80,0,0,0,1.280493595,0
1,0,64,-91,0,0,0,0.9727493761,0
1,0,151,0,0,0,0,0.9881204852,0
1,0,32,-159,0,0,0,1.317474826,0
1,0,74,-8,0,0,0,0.5155634044,0
1,0,130,129,0,0,0,0.7853654855,0
1,0,110,103,0,0,0,0.4374051387,0
1,0,-128,118,0,0,0,1.574592616,0
1,0,173,177,0,0,0,0.8294929285,0
1,0,76,110,0,0,0,0.1572327543,0
1,0,137,-42,0,0,0,1.204044696,0
1,0,-106,-104,0,0,0,1.230003882,0
1,0,106,-165,0,0,0,1.315977019,0
1,0,-150,-140,0,0,0,1.500187671,0
1,0,72,112,0,0,0,0.4146481389,0
1,0,141,-150,0,0,0,1.303098103,0
1,0,-91,-118,0,0,0,0.2879928164,0
1,0,-52,173,0,0,0,1.309176204,0
1,0,-34,129,0,0,0,2.685487329,0
1,0,-70,175,0,0,0,0.5909239816,0
1,0,28,80,0,0,0,0.7327379219,0
1,0,160,85,0,0,0,0.1672719519,0
1,0,113,-51,0,0,0,0.9384403354,0
1,0,25,-99,0,0,0,0.1401712381,0
1,0,-12,9,0,0,0,0.7260313476,0
1,0,-31,-69,0,0,0,0.4012396296,0
1,0,79,-65,0,0,0,0.04771494044,0
1,0,91,-25,0,0,0,0.4444092425,0
1,0,110,-7,0,0,0,0.6063529114,0
1,0,119,47,0,0,0,0.03413119633,0
1,0,98,-65,0,0,0,0.09676069189,0
1,0,-112,-70,0,0,0,0.3987390381,0
1,0,-137,12,0,0,0,0.5142782591,0
1,0,-142,-149,0,0,0,0.3629187308,0
1,0,86,106,0,0,0,0.2468966424,0
1,0,53,106,0,0,0,0.845276502,0
1,0,16,136,0,0,0,0.4493946505,0
1,0,34,-25,0,0,0,1.702054391,0
1,0,152,-128,0,0,0,0.9336684626,0
1,0,74,-151,0,0,0,1.571258297,0
1,0,23,130,0,0,0,0.05348171763,0
1,0,21,-133,0,0,0,1.29296677,0
1,0,118,33,0,0,0,0.3188477964,0
1,0,-104,-160,0,0,0,0.792386549,0
1,0,-52,62,0,0,0,1.334639588,0
1,0,155,-111,0,0,0,0.8151082824,0
1,0,167,-51,0,0,0,1.791028263,0
1,0,74,-174,0,0,0,1.064192007,0
1,0,78,102,0,0,0,1.405891807,0
1,0,-2,129,0,0,0,1.800245293,0
1,0,66,-136,0,0,0,0.6930570821,0
1,0,9,-74,0,0,0,1.934519191,0
1,0,126,-123,0,0,0,2.052232485,0
1,0,71,-13,0,0,0,0.1291546819,0
1,0,65,17,0,0,0,0.03083780438,0
1,0,110,7,0,0,0,1.033788292,0
1,0,-16,-49,0,0,0,1.109014113,0
1,0,-50,-174,0,0,0,1.047279071,0
1,0,32,-36,0,0,0,0.3818247437,0
1,0,17,162,0,0,0,0.8043540354,0
1,0,13,-157,0,0,0,1.478070818,0
1,0,153,26,0,0,0,0.6712988197,0
1,0,21,-160,0,0,0,0.6968013872,0
1,0,101,-150,0,0,0,0.2758235047,0
1,0,-77,139,0,0,0,0.5518778195,0
1,0,-97,53,0,0,0,2.927388905,0
1,0,-22,-168,0,0,0,0.7910371851,0
1,0,-106,-44,0,0,0,1.006178085,0
1,0,-66,-107,0,0,0,0.2912242708,0
1,0,14,-38,0,0,0,0.9979835877,0
1,0,-44,133,0,0,0,0.6660904576,0
1,0,107,-35,0,0,0,0.185287509,0
1,0,-109,-66,0,0,0,0.1663142546,0
1,0,-125,171,0,0,0,0.1661216897,0
1,0,-104,139,0,0,0,0.8881779043,0
1,0,-18,-74,0,0,0,0.6205832323,0
1,0,167,-82,0,0,0,0.005128742983,0
1,0,-164,174,0,0,0,2.475576909,0
1,0,-162,-72,0,0,0,0.1621364285,0
1,0,-55,40,0,0,0,1.50074759,0
1,0,99,128,0,0,0,0.3048922919,0
1,0,115,-30,0,0,0,1.94740235,0
1,0,113,42,0,0,0,1.696905787,0
1,0,-7,176,0,0,0,0.1496198063,0
1,0,-15,-28,0,0,0,1.342425227,0
1,0,82,77,0,0,0,1.126692349,0
1,0,-81,32,0,0,0,0.4628034171,0
1,0,61,-100,0,0,0,0.9917783529,0
1,0,168,87,0,0,0,1.911062191,0
1,0,78,150,0,0,0,0.8652592219,0
1,0,-9,106,0,0,0,0.3944497023,0
1,0,50,-48,0,0,0,0.8010745056,0
1,0,-144,1,0,0,0,1.040400568,0
1,0,-142,158,0,0,0,0.2486711055,0
1,0,103,-16,0,0,0,1.792414505,0
1,0,91,-21,0,0,0,1.624192742,0
1,0,-144,172,0,0,0,0.778933254,0
1,0,-123,-127,0,0,0,0.02131124567,0
1,0,-128,-66,0,0,0,1.191213183,0
1,0,53,-73,0,0,0,1.003756222,0
1,0,52,-133,0,0,0,0.4097853213,0
1,0,68,-91,0,0,0,2.66881488,0
1,0,-85,-112,0,0,0,0.05341552315,0
1,0,-68,129,0,0,0,1.662969561,0
1,0,-174,33,0,0,0,1.932451594,0
1,0,117,-6,0,0,0,0.0176687517,0
1,0,-4,-64,0,0,0,0.5619252846,0
1,0,-122,85,0,0,0,0.1457734657,0
1,0,158,173,0,0,0,0.9680942069,0
1,0,-83,122,0,0,0,0.6351353722,0
1,0,-99,149,0,0,0,1.457379835,0
1,0,-103,99,0,0,0,2.207630958,0
1,0,-26,37,0,0,0,0.09663468347,0
1,0,68,56,0,0,0,0.3557326979,0
1,0,7,112,0,0,0,1.130378705,0
1,0,115,36,0,0,0,2.024386488,0
1,0,129,147,0,0,0,2.543296606,0
1,0,-69,34,0,0,0,0.1750089462,0
1,0,-41,-175,0,0,0,0.2341682582,0
1,0,-80,51,0,0,0,0.9143582435,0
1,0,132,113,0,0,0,0.2008060837,0
1,0,17,-1,0,0,0,0.8620284676,0
1,0,164,57,0,0,0,0.9879033079,0
1,0,-74,-16,0,0,0,0.3199352046,0
1,0,-21,130,0,0,0,0.01777690622,0
1,0,-123,131,0,0,0,1.287630805,0
1,0,-43,152,0,0,0,0.6268636231,0
1,0,-5,-60,0,0,0,0.208258214,0
1,0,130,-151,0,0,0,1.287589302,0
1,0,-15,-74,0,0,0,1.143253548,0
1,0,88,108,0,0,0,1.532520386,0
1,0,-180,-40,0,0,0,1.509766887,0
1,0,15,61,0,0,0,0.6313927004,0
1,0,-122,-155,0,0,0,1.498871032,0
1,0,103,75,0,0,0,0.5918217805,0
1,0,161,-81,0,0,0,0.01659973358,0
1,0,-125,91,0,0,0,1.823285442,0
1,0,105,11,0,0,0,2.135295518,0
1,0,-7,61,0,0,0,1.982490336,0
1,0,-15,68,0,0,0,0.698664597,0
1,0,-33,-134,0,0,0,0.6851631109,0
1,0,130,39,0,0,0,0.1847730485,0
1,0,135,-101,0,0,0,0.3691189583,0
1,0,-111,48,0,0,0,0.1565844611,0
1,0,-137,-72,0,0,0,0.6341398971,0
1,0,92,-152,0,0,0,1.024759999,0
1,0,27,-90,0,0,0,0.9547539427,0
1,0,-6,-119,0,0,0,2.924015325,0
1,0,-174,-171,0,0,0,0.3583863917,0
1,0,138,64,0,0,0,2.11597905,0
1,0,7,65,0,0,0,1.569529833,0
1,0,52,-155,0,0,0,0.08688448558,0
1,0,83,-16,0,0,0,1.966963062,0
1,0,24,-117,0,0,0,2.818128793,0
1,0,-40,-76,0,0,0,0.04618120129,0
1,0,72,-71,0,0,0,0.4678838945,0
1,0,-149,178,0,0,0,0.5079613344,0
1,0,-92,-180,0,0,0,0.8074770429,0
1,0,-124,175,0,0,0,1.456535559,0
1,0,-61,115,0,0,0,2.665886111,0
1,0,59,-63,0,0,0,0.5674797428,0
1,0,54,61,0,0,0,2.294037126,0
1,0,92,15,0,0,0,0.461966788,0
1,0,-168,-17,0,0,0,0.04805851578,0
1,0,179,-59,0,0,0,0.2398196241,0
1,0,-142,33,0,0,0,1.582576239,0
1,0,104,-129,0,0,0,1.301320132,0
1,0,-118,-174,0,0,0,1.366752478,0
1,0,-16,-76,0,0,0,1.337341631,0
1,0,-1,-33,0,0,0,0.8814375604,0
1,0,20,-154,0,0,0,1.273564217,0
1,0,-103,146,0,0,0,0.2360206107,0
1,0,-115,-90,0,0,0,0.256263592,0
1,0,-106,178,0,0,0,1.161765475,0
1,0,-51,22,0,0,0,0.8910476248,0
1,0,-16,35,0,0,0,1.716052855,0
1,0,97,63,0,0,0,0.5277010719,0
1,0,-147,95,0,0,0,1.169605355,0
1,0,-80,-166,0,0,0,0.8503498595,0
1,0,-38,-11,0,0,0,0.8516499731,0
1,0,53,-173,0,0,0,2.985009227,0
1,0,28,63,0,0,0,0.857052386,0
1,0,-162,-120,0,0,0,1.288179513,0
1,0,-84,-113,0,0,0,0.1171433428,0
1,0,-114,-8,0,0,0,0.2353030176,0
1,0,-155,44,0,0,0,0.9357219451,0
1,0,93,-29,0,0,0,0.2020611757,0
1,0,-20,128,0,0,0,0.8957125499,0
1,0,56,-121,0,0,0,2.484870187,0
1,0,-101,3,0,0,0,1.835859643,0
1,0,-74,1,0,0,0,0.7799983496,0
1,0,-167,89,0,0,0,1.900817108,0
1,0,-154,70,0,0,0,1.188201278,0
1,0,162,-39,0,0,0,0.8658495952,0
1,0,-16,42,0,0,0,1.775841721,0
1,0,23,-146,0,0,0,1.046787106,0
1,0,103,38,0,0,0,2.945048007,0
1,0,118,-1,0,0,0,1.103279555,0
1,0,13,-61,0,0,0,0.9034734295,0
1,0,-9,172,0,0,0,0.3192969761,0
1,0,-7,163,0,0,0,0.3217261093,0
1,0,-133,110,0,0,0,2.746582929,0
1,0,-160,172,0,0,0,2.280060152,0
1,0,-113,80,0,0,0,1.56498707,0
1,0,139,-70,0,0,0,0.2944479594,0
1,0,103,-118,0,0,0,0.1555133929,0
1,0,-144,-33,0,0,0,0.7286224287,0
1,0,-2,70,0,0,0,0.05860271148,0
1,0,-157,16,0,0,0,1.814532771,0
1,0,19,36,0,0,0,1.168736619,0
1,0,-101,21,0,0,0,2.972228217,0
1,0,-36,-10,0,0,0,0.811210536,0
1,0,43,-179,0,0,0,2.559214195,0
1,0,176,-42,0,0,0,0.6542982261,0
1,0,51,-40,0,0,0,2.483428933,0
1,0,172,63,0,0,0,0.4386703183,0
1,0,8,-149,0,0,0,1.988976487,0
1,0,-144,-53,0,0,0,0.9194203952,0
1,0,70,84,0,0,0,1.639631954,0
1,0,-74,74,0,0,0,0.4987246969,0
1,0,48,147,0,0,0,0.0677797554,0
1,0,-98,-70,0,0,0,1.593878836,0
1,0,-167,-152,0,0,0,0.7065865255,0
1,0,-33,75,0,0,0,0.6734235909,0
1,0,-166,-67,0,0,0,0.8484647544,0
1,0,-93,-172,0,0,0,0.5187928796,0
1,0,-94,-18,0,0,0,0.09471396093,0
1,0,-175,125,0,0,0,1.343257888,0
1,0,24,19,0,0,0,0.2840060136,0
1,0,-107,174,0,0,0,0.1845168355,0
1,0,87,-2,0,0,0,0.7800851803,0
1,0,111,129,0,0,0,0.2256667471,0
1,0,80,115,0,0,0,1.837817452,0
1,0,-18,-171,0,0,0,1.816263501,0
1,0,180,-85,0,0,0,0.5405854116,0
1,0,-37,1,0,0,0,0.8068999468,0
1,0,-50,-116,0,0,0,0.1404837071,0
1,0,-48,66,0,0,0,2.46387153,0
1,0,149,-24,0,0,0,1.268416151,0
1,0,-35,-132,0,0,0,0.3104906103,0
1,0,-176,81,0,0,0,0.8562393971,0
1,0,-44,128,0,0,0,0.279439971,0
1,0,-85,-24,0,0,0,2.784780156,0
1,0,-12,-144,0,0,0,0.2368326803,0
1,0,68,-86,0,0,0,0.9878249334,0
1,0,-115,129,0,0,0,1.499974423,0
1,0,135,-3,0,0,0,0.2263986459,0
1,0,-169,-135,0,0,0,0.6451545865,0
1,0,21,29,0,0,0,0.3980375777,0
1,0,140,25,0,0,0,0.07086511454,0
1,0,115,62,0,0,0,0.9985377115,0
1,0,-111,-127,0,0,0,0.07052474705,0
1,0,-45,-131,0,0,0,0.05372789965,0
1,0,12,24,0,0,0,0.8156247792,0
1,0,63,100,0,0,0,1.101820122,0
1,0,-103,-92,0,0,0,0.4056759063,0
1,0,-154,170,0,0,0,1.751698672,0
1,0,-55,78,0,0,0,0.8543974572,0
1,0,-87,-27,0,0,0,0.7172783759,0
1,0,-88,4,0,0,0,0.6424252849,0
1,0,-116,113,0,0,0,0.4293785272,0
1,0,-65,28,0,0,0,2.940354009,0
1,0,123,85,0,0,0,1.838865667,0
1,0,-63,62,0,0,0,0.1096956391,0
1,0,-147,52,0,0,0,0.3847585326,0
1,0,115,-19,0,0,0,1.87720095,0
1,0,175,69,0,0,0,0.9049747129,0
1,0,96,-74,0,0,0,0.3404251513,0
1,0,-73,-34,0,0,0,1.831528301,0
1,0,-9,8,0,0,0,2.062996394,0
1,0,40,117,0,0,0,1.816472061,0
1,0,-30,-126,0,0,0,0.0931590634,0
1,0,80,-123,0,0,0,0.01683420655,0
1,0,-155,151,0,0,0,1.269162752,0
1,0,110,94,0,0,0,1.299875133,0
1,0,-136,-110,0,0,0,1.908325773,0
1,0,-22,111,0,0,0,0.07052511487,0
1,0,173,128,0,0,0,2.342753377,0
1,0,-117,171,0,0,0,2.992013627,0
1,0,-5,-118,0,0,0,1.669586074,0
1,0,84,-69,0,0,0,1.026306451,0
1,0,4,-90,0,0,0,1.847822857,0
1,0,-80,-12,0,0,0,2.64394023,0
1,0,0,-13,0,0,0,0.6287222018,0
1,0,-46,5,0,0,0,0.3468615421,0
1,0,36,-11,0,0,0,0.4679271156,0
1,0,90,-161,0,0,0,0.4644238668,0
1,0,-55,-74,0,0,0,2.158781479,0
1,0,53,135,0,0,0,0.1673063857,0
1,0,-6,42,0,0,0,0.912987676,0
1,0,-81,83,0,0,0,1.234575059,0
1,0,53,101,0,0,0,0.7945501067,0
1,0,-92,85,0,0,0,0.1594122721,0
1,0,-50,-113,0,0,0,0.8398778275,0
1,0,11,105,0,0,0,0.3815150155,0
1,0,-48,7,0,0,0,0.7381655205,0
1,0,55,-21,0,0,0,1.787953476,0
1,0,7,-95,0,0,0,0.3318276191,0
1,0,-31,10,0,0,0,0.439709928,0
1,0,175,89,0,0,0,0.6225938032,0
1,0,-140,-116,0,0,0,0.09944310022,0
1,0,-146,14,0,0,0,0.8791967982,0
1,0,121,127,0,0,0,0.28029004,0
1,0,69,-161,0,0,0,0.6920724128,0
1,0,-14,-60,0,0,0,0.08054114298,0
1,0,2,-51,0,0,0,1.075430713,0
1,0,-84,31,0,0,0,0.8292444039,0
1,0,-127,94,0,0,0,1.714284319,0
1,0,-7,-113,0,0,0,0.08942239841,0
1,0,-7,5,0,0,0,1.142564535,0
1,0,163,-156,0,0,0,0.884545467,0
1,0,94,136,0,0,0,2.266558654,0
1,0,-10,144,0,0,0,1.152322359,0
1,0,122,1,0,0,0,0.3338655536,0
1,0,24,-32,0,0,0,1.970024544,0
1,0,7,-13,0,0,0,2.235102249,0
1,0,95,-155,0,0,0,1.117377282,0
1,0,-28,-114,0,0,0,0.5184249106,0
1,0,8,164,0,0,0,2.435980993,0
1,0,-93,139,0,0,0,1.136563944,0
1,0,141,68,0,0,0,0.3976467638,0
1,0,-174,10,0,0,0,1.554313039,0
1,0,110,-19,0,0,0,0.7060898242,0
1,0,-46,-150,0,0,0,0.1927629056,0
1,0,171,115,0,0,0,0.06727243295,0
1,0,99,-31,0,0,0,0.3379078863,0
1,0,13,-165,0,0,0,0.6271012322,0
1,0,59,30,0,0,0,0.2398649206,0
1,0,34,-71,0,0,0,0.1854655962,0
1,0,-73,-63,0,0,0,0.7946123421,0
1,0,142,-6,0,0,0,0.4768505144,0
1,0,53,-77,0,0,0,2.543532338,0
1,0,-143,28,0,0,0,0.8177817445,0
1,0,50,-162,0,0,0,0.8825918998,0
1,0,-126,70,0,0,0,0.818655793,0
1,0,-54,29,0,0,0,0.5717942694,0
1,0,158,147,0,0,0,2.025871288,0
1,0,-74,-114,0,0,0,1.504399921,0
1,0,122,46,0,0,0,0.9189372562,0
1,0,6,-26,0,0,0,1.35456754,0
1,0,144,10,0,0,0,1.564900548,0
1,0,113,-74,0,0,0,0.7654113692,0
1,0,-180,-47,0,0,0,1.422890362,0
1,0,4,-49,0,0,0,2.496473022,0
1,0,105,68,0,0,0,1.097638898,0
1,0,71,-133,0,0,0,0.6934394518,0
1,0,31,-29,0,0,0,0.7218281636,0
1,0,-93,-74,0,0,0,1.288202702,0
1,0,-148,-160,0,0,0,0.1771972677,0
1,0,-137,-130,0,0,0,1.705214446,0
1,0,72,18,0,0,0,1.779188397,0
1,0,11,-147,0,0,0,1.325313648,0
1,0,-6,106,0,0,0,0.9182219918,0
1,0,-14,108,0,0,0,1.995386571,0
1,0,-11,150,0,0,0,0.4272165957,0
1,0,-180,71,0,0,0,2.728187232,0
1,0,-88,-39,0,0,0,0.4464455447,0
1,0,49,-138,0,0,0,0.06495449995,0
1,0,51,99,0,0,0,1.972406973,0
1,0,114,-36,0,0,0,1.834342546,0
1,0,-11,-2,0,0,0,0.1898574358,0
1,0,-119,42,0,0,0,0.489032738,0
1,0,158,132,0,0,0,1.557089945,0
1,0,51,11,0,0,0,0.5217471863,0
1,0,116,-159,0,0,0,0.9450670193,0
1,0,-133,77,0,0,0,0.04236818345,0
1,0,-42,-2,0,0,0,1.651261408,0
1,0,96,-19,0,0,0,0.05825008298,0
1,0,128,40,0,0,0,1.719757197,0
1,0,-35,-44,0,0,0,0.7620072543,0
1,0,-6,-92,0,0,0,1.743609273,0
1,0,33,-107,0,0,0,1.38101729,0
1,0,165,121,0,0,0,2.221761843,0
1,0,-116,-125,0,0,0,0.8882985351,0
1,0,-119,80,0,0,0,2.802557908,0
1,0,81,76,0,0,0,1.432444165,0
1,0,-125,-18,0,0,0,0.7816983627,0
1,0,-72,0,0,0,0,0.9756535107,0
1,0,160,105,0,0,0,0.1665891922,0
1,0,-54,-12,0,0,0,1.933531241,0
1,0,-62,-156,0,0,0,0.1892158877,0
1,0,92,0,0,0,0,1.899371558,0
1,0,-43,50,0,0,0,0.04002784275,0
1,0,165,-95,0,0,0,1.046537452,0
1,0,125,112,0,0,0,1.153284931,0
1,0,70,-4,0,0,0,0.7754168032,0
1,0,46,-63,0,0,0,0.4264828738,0
1,0,-73,-146,0,0,0,0.1435048824,0
1,0,169,11,0,0,0,1.196999033,0
1,0,-61,-101,0,0,0,0.935405029,0
1,0,172,60,0,0,0,0.4060836976,0
1,0,-172,-45,0,0,0,1.595928966,0
1,0,63,103,0,0,0,0.8956211658,0
1,0,-13,-19,0,0,0,0.280037562,0
1,0,143,175,0,0,0,1.103796119,0
1,0,95,167,0,0,0,0.7651306785,0
1,0,79,-110,0,0,0,1.577839548,0
1,0,71,50,0,0,0,0.4303976664,0
1,0,-101,66,0,0,0,1.092076255,0
1,0,-148,-111,0,0,0,0.3794522964,0
1,0,73,-37,0,0,0,0.70419752,0
1,0,-180,62,0,0,0,0.5134800857,0
1,0,-117,60,0,0,0,0.9465365383,0
1,0,24,-22,0,0,0,0.0138101046,0
1,0,-164,19,0,0,0,1.233989957,0
1,0,-143,175,0,0,0,0.5975756078,0
1,0,-90,-60,0,0,0,0.4009224718,0
1,0,-160,-148,0,0,0,0.2391823542,0
1,0,26,-56,0,0,0,0.3060817076,0
1,0,153,39,0,0,0,1.771994561,0
1,0,9,-86,0,0,0,0.157710242,0
1,0,-9,-123,0,0,0,1.49437378,0
1,0,-132,-36,0,0,0,2.209989876,0
1,0,-25,152,0,0,0,1.368105525,0
1,0,-76,62,0,0,0,2.171483572,0
1,0,13,-58,0,0,0,1.690815843,0
1,0,17,-46,0,0,0,2.37387997,0
1,0,-12,94,0,0,0,2.428118815,0
1,0,-91,20,0,0,0,0.4866239267,0
1,0,-71,24,0,0,0,1.236179727,0
1,0,23,-92,0,0,0,0.2968406721,0
1,0,-30,93,0,0,0,0.8607543579,0
1,0,12,21,0,0,0,0.07316181037,0
1,0,-159,16,0,0,0,0.4379661276,0
1,0,-114,-170,0,0,0,1.642957287,0
1,0,-130,-66,0,0,0,0.5801021319,0
1,0,-129,115,0,0,0,0.09705411386,0
1,0,38,124,0,0,0,1.01025593,0
1,0,-167,60,0,0,0,0.6898976789,0
1,0,-93,99,0,0,0,0.6719911935,0
1,0,-169,15,0,0,0,0.2078107894,0